Sample,Candidate,verA,verB,n_obs_timepoints,s_constant_per_cycle,logA_init,r_init_per_cycle,r_final_per_cycle,breakpoint_transfer,deployed_model,r2_1var,r2_4var_capability,r2_4var_deployed,wrss_1var,wrss_4var_capability,bic_1var,bic_4var_capability,bic_4var_increasing,bic_prefers_4var_capability,bic_prefers_4var_increasing,loocv_rmse_1var_free,loocv_rmse_4var_free,loocv_folds_free,loocv_rmse_1var_fixedelbow,loocv_rmse_4var_fixedelbow,loocv_folds_fixedelbow,oos_4var_better_free,abs_phase_range
TFMN4.exp2.ACN3788.concX_largeLib_SpeI_cleanup.1,A78-B79,A78,B79,4,0.4838,-0.0084,0.4838,0.4838,,constant,0.9796,0.9962,0.9796,3.3087,0.62234,2.014,-3.283,-3.283,True,True,1.253,1.8795,4,1.2679,1.668,3,False,0.0
TFMN4.exp2.ACN3788.concX_largeLib_SpeI.2,A20-B66,A20,B66,4,0.0989,0.7962,0.0989,0.0989,,constant,0.7113,0.9208,0.7113,1.03208,0.28311,-2.646,-6.434,-6.434,True,True,0.5736,1.0734,4,0.5594,1.079,3,False,0.0
TFMN4.exp2.ACN3788.concX_largeLib_SpeI.1,A81-B27,A81,B27,4,-0.2642,3.2989,-0.2642,-0.2642,,constant,0.7872,0.9402,0.7872,5.07385,1.426,3.724,0.033,0.033,True,True,1.7909,3.8001,4,0.9701,0.772,3,False,0.0
TFMN4.exp2.ACN3788.concX_largeLib_SpeI.2,A153-B30,A153,B30,4,0.0493,2.1227,0.0493,0.0493,,constant,0.5911,0.7682,0.5911,1.17011,0.66333,-2.144,-3.028,-3.028,True,True,0.5332,1.0059,4,0.2621,0.5352,3,False,0.0
TFMN4.exp2.ACN3788.concY_largeLib_PCR_DpnI_cleanup.3,A81-B117,A81,B117,4,0.1135,0.0587,0.1135,0.1135,,constant,0.7868,0.859,0.7868,0.59377,0.39254,-4.858,-5.127,-5.127,True,True,0.8621,1.9093,4,0.489,1.1112,3,False,0.0
TFMN4.exp2.ACN3788.concY_largeLib_PCR_DpnI_cleanup.3,A63-B6,A63,B6,4,0.1307,1.4173,0.1307,0.1307,,constant,0.9533,0.9686,0.9533,0.58995,0.39667,-4.883,-5.085,-5.085,True,True,0.231,0.7473,4,0.2356,0.7944,3,False,0.0
TFMN4.exp2.ACN3788.concY_largeLib_PCR_DpnI_cleanup.2,A20-B84,A20,B84,4,-0.0941,1.6056,-0.0941,-0.0941,,constant,0.3026,0.4823,0.3026,3.06331,2.27415,1.705,1.9,1.9,False,False,0.5973,2.4208,4,0.6362,2.2244,3,False,0.0
TFMN4.exp2.ACN3788.concX_smallLib_PCR_DpnI_cleanup.3,A83-B151,A83,B151,4,-0.0445,3.0794,-0.0445,-0.0445,,constant,0.1158,0.4414,0.1158,27.01534,17.06877,10.413,9.963,11.493,True,False,1.0528,3.0973,4,0.8975,1.9461,3,False,0.0
TFMN4.exp2.ACN3788.concY_largeLib_PCR_DpnI_cleanup.3,A83-B84,A83,B84,4,0.0458,0.9987,0.0458,0.0458,,constant,0.198,0.589,0.198,2.22227,1.13865,0.422,-0.867,1.663,True,False,0.7061,2.1521,4,0.724,1.7832,3,False,0.0
TFMN4.exp2.ACN3788.concX_largeLib_SpeI_cleanup.1,A78-B122,A78,B122,4,-0.0524,1.5061,-0.0524,-0.0524,,constant,0.0785,0.4347,0.0785,6.26717,3.84473,4.569,4.001,5.819,True,False,1.217,4.3039,4,1.1797,2.4231,3,False,0.0
TFMN4.exp2.ACN3788.concX_largeLib_SpeI.1,A90-B151,A90,B151,4,-0.2766,3.2581,-0.2766,-0.2766,,constant,0.7717,0.7941,0.7717,4.01762,3.6225,2.79,3.762,4.089,False,False,0.8476,3.7439,4,0.9344,1.2652,3,False,0.0
TFMN4.exp2.ACN3788.concX_largeLib_SpeI.1,A78-B77,A78,B77,4,-0.2024,5.8361,-0.2024,-0.2024,,constant,0.7042,0.7279,0.7042,68.44664,62.96332,14.132,15.184,15.488,False,False,1.0982,5.3107,4,1.2543,1.6717,3,False,0.0
TFMN4.exp2.ACN3788.concX_largeLib_SpeI.1,A78-B151,A78,B151,4,-0.1298,4.7179,-0.1298,-0.1298,,constant,0.6169,0.6386,0.6169,25.21893,23.78947,10.138,11.291,11.497,False,False,1.306,6.1474,4,1.497,1.9486,3,False,0.0
TFMN4.exp2.ACN3788.concY_largeLib_PCR_DpnI_cleanup.3,A196-B51,A196,B51,4,-0.0541,2.0162,-0.0541,-0.0541,,constant,0.0943,0.7758,0.0943,8.81784,2.18334,5.935,1.737,7.319,True,False,0.9841,1.8837,4,1.1346,2.699,3,False,0.0
TFMN4.exp2.ACN3788.concX_largeLib_SpeI.1,A143-B84,A143,B84,4,0.1071,6.3148,0.1071,0.1071,,constant,0.4818,0.8833,0.4818,938.92093,211.35656,24.606,20.028,,True,False,4.1519,8.4616,4,4.7486,9.9166,3,False,0.0
TFMN4.exp2.ACN3788.concX_largeLib_SpeI.1,A196-B117,A196,B117,4,-0.1408,5.4177,-0.1408,-0.1408,,constant,0.087,0.8222,0.087,141.26888,27.51195,17.03,11.872,,True,False,2.7106,4.2292,4,3.087,4.6309,3,False,0.0
TFMN4.exp2.ACN3788.concX_largeLib_SpeI.1,A196-B171,A196,B171,4,-0.2515,4.167,-0.2515,-0.2515,,constant,0.5161,0.7938,0.5161,19.84607,8.45781,9.179,7.154,,True,False,1.171,3.5196,4,1.3253,3.9873,3,False,0.0
TFMN4.exp2.ACN3788.concX_largeLib_SpeI.1,A196-B59,A196,B59,4,-0.1233,4.8073,-0.1233,-0.1233,,constant,0.0698,0.7992,0.0698,81.9675,17.6956,14.853,10.107,,True,False,3.1536,5.7336,4,3.6067,6.4436,3,False,0.0
TFMN4.exp2.ACN3788.concX_largeLib_SpeI.1,A196-B87,A196,B87,4,-0.2118,5.5953,-0.2118,-0.2118,,constant,0.3061,0.7632,0.3061,118.63136,40.47668,16.331,13.417,,True,False,2.0692,5.0065,4,2.3633,5.8837,3,False,0.0
TFMN4.exp2.ACN3788.concX_largeLib_SpeI.1,A81-B8,A81,B8,4,0.2134,6.9114,0.2134,0.2134,,constant,0.9197,0.9504,0.9197,1142.917,706.34298,25.393,24.854,,True,False,1.3548,6.0579,4,1.5291,6.9288,3,False,0.0
TFMN4.exp2.ACN3788.concX_largeLib_SpeI.2,A196-B11,A196,B11,4,-0.0678,3.5922,-0.0678,-0.0678,,constant,0.0977,0.8569,0.0977,16.36885,2.5957,8.409,2.429,,True,False,1.704,1.3229,4,0.5519,0.5568,3,True,0.0
TFMN4.exp2.ACN3788.concX_largeLib_SpeI.2,A81-B174,A81,B174,4,0.1657,3.9697,0.1657,0.1657,,constant,0.6279,0.9887,0.6279,63.14327,1.9196,13.809,1.222,,True,False,6.6448,7.2334,4,3.7114,2.3377,3,False,0.0
TFMN4.exp2.ACN3788.concX_largeLib_SpeI.3,A20-B151,A20,B151,4,0.0261,4.6739,0.0261,0.0261,,constant,0.2131,0.946,0.2131,30.10545,2.06494,10.846,1.514,,True,False,0.831,0.648,4,0.3309,0.2447,3,True,0.0
TFMN4.exp2.ACN3788.concX_largeLib_SpeI.3,A90-B108,A90,B108,4,0.199,2.0434,0.199,0.199,,constant,0.9725,0.9998,0.9725,2.7414,0.02362,1.261,-16.369,,True,False,0.7955,0.6986,4,0.3241,0.0939,3,True,0.0
TFMN4.exp2.ACN3788.concX_largeLib_SpeI.4,A153-B30,A153,B30,4,-0.0432,1.5242,-0.0432,-0.0432,,constant,0.0369,0.8507,0.0369,6.27655,0.97318,4.575,-1.495,,True,False,1.9606,1.6093,4,2.1058,1.2437,3,True,0.0
TFMN4.exp2.ACN3788.concX_largeLib_SpeI.4,A78-B2,A78,B2,4,0.115,0.8388,0.115,0.115,,constant,0.7476,0.9995,0.7476,1.64964,0.00323,-0.77,-24.33,,True,False,0.9244,0.5493,4,0.9206,0.0833,3,True,0.0
TFMN4.exp2.ACN3788.concX_largeLib_SpeI.4,A81-B120,A81,B120,4,0.0413,1.1232,0.0413,0.0413,,constant,0.0769,0.9971,0.0769,4.60715,0.01439,3.338,-18.351,,True,False,1.9291,1.7248,4,0.7812,0.1375,3,True,0.0
TFMN4.exp2.ACN3788.concX_largeLib_SpeI.4,A81-B84,A81,B84,4,-0.0677,1.1527,-0.0677,-0.0677,,constant,0.1778,0.9392,0.1778,2.58141,0.19097,1.021,-8.009,,True,False,0.8712,0.9562,4,0.8227,0.7539,3,False,0.0
TFMN4.exp2.ACN3788.concX_largeLib_SpeI.4,A83-B151,A83,B151,4,-0.0948,3.2294,-0.0948,-0.0948,,constant,0.1449,0.7691,0.1449,43.4473,11.73316,12.314,8.463,,True,False,1.1672,2.6654,4,0.9752,2.7954,3,False,0.0
TFMN4.exp2.ACN3788.concX_largeLib_SpeI.5,A83-B42,A83,B42,4,0.1683,4.34,0.1683,0.1683,,constant,0.6458,0.9916,0.6458,145.62117,3.44825,17.151,3.565,,True,False,2.0002,2.4304,4,1.9096,0.5597,3,False,0.0
TFMN4.exp2.ACN3788.concX_largeLib_SpeI_cleanup.1,A153-B77,A153,B77,4,0.0042,2.764,0.0042,0.0042,,constant,0.0003,0.7722,0.0003,31.08194,7.08288,10.974,6.444,,True,False,2.6328,2.6092,4,1.4908,2.142,3,True,0.0
TFMN4.exp2.ACN3788.concX_largeLib_SpeI_cleanup.1,A176-B120,A176,B120,4,0.0166,1.3542,0.0166,0.0166,,constant,0.012,0.6996,0.012,4.4892,1.36495,3.234,-0.142,,True,False,1.4259,2.2518,4,0.6322,1.1391,3,False,0.0
TFMN4.exp2.ACN3788.concX_largeLib_SpeI_cleanup.1,A78-B117,A78,B117,4,0.0286,2.94,0.0286,0.0286,,constant,0.0215,0.8783,0.0215,32.71945,4.06893,11.179,4.227,,True,False,2.1839,1.6998,4,0.9971,1.0502,3,True,0.0
TFMN4.exp2.ACN3788.concX_largeLib_SpeI_cleanup.1,A78-B30,A78,B30,4,0.1753,2.3903,0.1753,0.1753,,constant,0.6195,0.9993,0.6195,33.23301,0.05718,11.242,-12.832,,True,False,2.8495,2.523,4,1.3731,0.1943,3,True,0.0
TFMN4.exp2.ACN3788.concX_largeLib_SpeI_cleanup.1,A83-B101,A83,B101,4,0.0042,0.851,0.0042,0.0042,,constant,0.0018,0.9736,0.0018,1.20707,0.03195,-2.02,-15.161,,True,False,1.1501,1.2473,4,0.4147,0.2072,3,False,0.0
TFMN4.exp2.ACN3788.concX_largeLib_SpeI_cleanup.1,A83-B40,A83,B40,4,-0.1765,2.4654,-0.1765,-0.1765,,constant,0.9635,0.9986,0.9635,0.21711,0.00833,-8.882,-20.536,,True,False,0.2509,0.1602,4,0.2774,0.095,3,True,0.0
TFMN4.exp2.ACN3788.concX_largeLib_SpeI_cleanup.3,A153-B30,A153,B30,4,0.0074,2.3838,0.0074,0.0074,,constant,0.0013,0.9475,0.0013,13.77948,0.72424,7.72,-2.677,,True,False,1.7935,2.1451,4,0.6191,0.3998,3,False,0.0
TFMN4.exp2.ACN3788.concX_largeLib_SpeI_cleanup.3,A78-B117,A78,B117,4,0.0602,-0.0573,0.0602,0.0602,,constant,0.4232,0.9985,0.4232,0.53453,0.00136,-5.278,-27.773,,True,False,0.7587,0.6726,4,0.8049,0.0794,3,True,0.0
TFMN4.exp2.ACN3788.concX_largeLib_SpeI_cleanup.3,A81-B6,A81,B6,4,0.1988,3.1297,0.1988,0.1988,,constant,0.7902,0.9882,0.7902,63.55531,3.57373,13.835,3.708,,True,False,1.9358,1.5326,4,0.8911,0.6546,3,True,0.0
TFMN4.exp2.ACN3788.concX_largeLib_SpeI_cleanup.3,A90-B75,A90,B75,4,-0.0392,2.8318,-0.0392,-0.0392,,constant,0.0428,0.8756,0.0428,13.20179,1.7156,7.549,0.773,,True,False,1.5884,1.2144,4,0.5189,0.4646,3,True,0.0
TFMN4.exp2.ACN3788.concX_smallLib_PCR_DpnI_cleanup.3,A153-B137,A153,B137,4,-0.0092,1.6665,-0.0092,-0.0092,,constant,0.0009,0.8784,0.0009,14.48794,1.76378,7.921,0.884,,True,False,2.6221,3.3578,4,1.0234,1.1488,3,False,0.0
TFMN4.exp2.ACN3788.concX_smallLib_PCR_DpnI_cleanup.3,A153-B77,A153,B77,4,0.1211,1.4311,0.1211,0.1211,,constant,0.4587,0.9011,0.4587,13.57218,2.47965,7.659,2.246,,True,False,2.3276,3.6247,4,1.1894,1.8187,3,False,0.0
TFMN4.exp2.ACN3788.concX_smallLib_PCR_DpnI_cleanup.3,A196-B168,A196,B168,4,0.0532,2.696,0.0532,0.0532,,constant,0.3018,0.972,0.3018,13.9672,0.56054,7.774,-3.702,,True,False,1.1241,0.7375,4,1.0871,0.4014,3,True,0.0
TFMN4.exp2.ACN3788.concX_smallLib_PCR_DpnI_cleanup.3,A63-B40,A63,B40,4,0.0087,-0.2298,0.0087,0.0087,,constant,0.3602,0.7764,0.3602,0.01289,0.00451,-20.177,-22.996,,True,False,0.0704,0.1728,4,0.0605,0.18,3,False,0.0
TFMN4.exp2.ACN3788.concY_largeLib_PCR_DpnI_cleanup.2,A196-B151,A196,B151,4,0.0244,3.1138,0.0244,0.0244,,constant,0.021,0.9831,0.021,28.90444,0.49817,10.683,-4.174,,True,False,1.8711,1.6155,4,0.7773,0.3181,3,True,0.0
TFMN4.exp2.ACN3788.concY_largeLib_PCR_DpnI_cleanup.2,A196-B38,A196,B38,4,-0.0065,1.7803,-0.0065,-0.0065,,constant,0.0207,0.9992,0.0207,0.67607,0.00053,-4.338,-31.523,,True,False,0.4097,0.3899,4,0.426,0.0241,3,True,0.0
TFMN4.exp2.ACN3788.concY_largeLib_PCR_DpnI_cleanup.2,A81-B2,A81,B2,4,0.2302,1.6833,0.2302,0.2302,,constant,0.9486,0.9996,0.9486,4.17979,0.03383,2.948,-14.931,,True,False,0.9016,1.2973,4,0.7927,0.1478,3,False,0.0
TFMN4.exp2.ACN3788.concY_largeLib_PCR_DpnI_cleanup.3,A16-B137,A16,B137,4,0.011,1.2663,0.011,0.011,,constant,0.0046,0.9534,0.0046,4.34346,0.20333,3.102,-7.758,,True,False,1.8587,2.1929,4,0.8013,0.5936,3,False,0.0
TFMN4.exp2.ACN3788.concY_largeLib_PCR_DpnI_cleanup.3,A186-B3,A186,B3,4,-0.0801,1.509,-0.0801,-0.0801,,constant,0.1694,0.9999,0.1694,3.76819,0.00053,2.534,-31.582,,True,False,1.2224,1.6528,4,1.1544,0.0322,3,False,0.0
TFMN4.exp2.ACN3788.concY_largeLib_PCR_DpnI_cleanup.3,A196-B2,A196,B2,4,0.0202,1.6494,0.0202,0.0202,,constant,0.0696,0.8781,0.0696,1.91492,0.25096,-0.174,-6.916,,True,False,0.9817,0.6559,4,0.4378,0.4618,3,True,0.0
TFMN4.exp2.ACN3788.concY_largeLib_PCR_DpnI_cleanup.3,A196-B79,A196,B79,4,-0.0408,1.8953,-0.0408,-0.0408,,constant,0.3104,0.7408,0.3104,1.24188,0.4669,-1.906,-4.433,,True,False,0.2962,0.7581,4,0.2575,0.7943,3,False,0.0
TFMN4.exp2.ACN3788.concY_largeLib_PCR_DpnI_cleanup.3,A196-B87,A196,B87,4,-0.0211,2.7809,-0.0211,-0.0211,,constant,0.0378,0.933,0.0378,7.95283,0.5535,5.522,-3.752,,True,False,1.233,0.9532,4,0.5147,0.4008,3,True,0.0
TFMN4.exp2.ACN3788.concY_largeLib_PCR_DpnI_cleanup.3,A20-B71,A20,B71,4,0.0084,0.6006,0.0084,0.0084,,constant,0.0046,0.6714,0.0046,1.55355,0.5129,-1.01,-4.057,,True,False,1.2897,2.4751,4,0.6563,1.3492,3,False,0.0
TFMN4.exp2.ACN3788.concY_largeLib_PCR_DpnI_cleanup.3,A21-B6,A21,B6,4,-0.0492,1.7756,-0.0492,-0.0492,,constant,0.7641,0.998,0.7641,0.20392,0.00169,-9.133,-26.912,,True,False,0.2369,0.1208,4,0.2457,0.0503,3,True,0.0
TFMN4.exp2.ACN3788.concY_largeLib_PCR_DpnI_cleanup.3,A78-B137,A78,B137,4,0.0823,1.8233,0.0823,0.0823,,constant,0.2412,0.9979,0.2412,11.32403,0.03066,6.935,-15.326,,True,False,2.3982,2.3593,4,1.1267,0.1983,3,True,0.0
TFMN4.exp2.ACN3788.concY_largeLib_PCR_DpnI_cleanup.3,A81-B6,A81,B6,4,0.2736,1.1487,0.2736,0.2736,,constant,0.9577,0.9934,0.9577,3.17951,0.49729,1.854,-4.181,,True,False,1.2782,1.9184,4,0.6513,0.9234,3,False,0.0
TFMN4.exp2.ACN3788.concY_largeLib_PCR_DpnI_cleanup.4,A196-B4,A196,B4,4,0.1977,4.1556,0.1977,0.1977,,constant,0.6564,0.9693,0.6564,151.28442,13.50842,17.304,9.027,,True,False,3.4199,2.7989,4,1.9695,2.0053,3,True,0.0
TFMN4.exp2.ACN3788.concY_largeLib_PCR_DpnI_cleanup.3,A186-B26,A186,B26,4,-0.0295,1.2262,-0.1593,-0.019,4.0,two_phase,0.7538,1.0,1.0,0.0528,1e-05,-14.538,-48.21,-48.21,True,True,0.1796,0.1658,4,0.1909,0.0049,3,True,0.1403
TFMN4.exp2.ACN3788.concX_largeLib_SpeI.4,A78-B26,A78,B26,4,0.2559,0.8941,-0.2989,0.446,6.0,two_phase,0.9239,0.9994,0.9994,3.44061,0.02601,2.17,-15.984,-15.984,True,True,2.7471,2.3715,4,0.9999,0.2163,3,True,0.7449
TFMN4.exp2.ACN3788.concX_largeLib_SpeI.4,A81-B30,A81,B30,4,0.1485,2.5594,-0.1758,0.2587,6.0,two_phase,0.8738,0.9986,0.9986,7.53683,0.08247,5.307,-11.368,-11.368,True,True,1.5978,1.7222,4,0.566,0.1528,3,False,0.4345
TFMN4.exp2.ACN3788.concX_smallLib_PCR_DpnI_cleanup.3,A78-B3,A78,B3,4,0.0285,2.1364,-0.3137,0.1512,6.0,two_phase,0.1353,0.9893,0.9893,5.32444,0.06605,3.917,-12.255,-12.255,True,True,1.707,1.4888,4,0.5964,0.1639,3,True,0.4649
TFMN4.exp2.ACN3788.concX_largeLib_SpeI.4,A81-B151,A81,B151,4,0.3312,1.2802,-0.2161,0.5103,6.0,two_phase,0.9596,0.9995,0.9995,5.27672,0.07071,3.881,-11.983,-11.983,True,True,2.6703,2.8504,4,0.9432,0.2727,3,False,0.7264
TFMN4.exp2.ACN3788.concX_largeLib_SpeI.1,A81-B132,A81,B132,4,0.0301,4.2237,-0.7667,0.3558,6.0,two_phase,0.0889,0.9853,0.9853,48.9976,0.79203,12.794,-2.319,-2.319,True,True,4.1908,5.234,4,1.6842,0.4395,3,False,1.1225
TFMN4.exp2.ACN3788.concX_largeLib_SpeI.4,A78-B3,A78,B3,4,0.3963,0.0973,0.1487,0.4626,6.0,two_phase,0.9906,0.9998,0.9998,0.74487,0.01249,-3.951,-18.918,-18.918,True,True,1.1693,0.9835,4,0.4623,0.1781,3,True,0.3139
TFMN4.exp2.ACN3788.concX_smallLib_PCR_DpnI_cleanup.3,A81-B51,A81,B51,4,0.2033,2.0284,-0.2454,0.3469,6.0,two_phase,0.8979,0.9957,0.9957,9.97883,0.41879,6.429,-4.868,-4.868,True,True,2.1879,1.6912,4,0.8079,0.4263,3,True,0.5923
TFMN4.exp2.ACN3788.concY_largeLib_PCR_DpnI_cleanup.2,A83-B40,A83,B40,4,0.557,0.0425,-0.0452,0.7189,6.0,two_phase,0.9783,0.9985,0.9985,2.80604,0.18857,1.355,-8.059,-8.059,True,True,2.8119,3.3356,4,1.0027,0.7702,3,False,0.7641
TFMN4.exp2.ACN3788.concY_largeLib_PCR_DpnI_cleanup.3,A153-B6,A153,B6,4,0.2036,1.677,-0.4722,0.4434,6.0,two_phase,0.8016,0.9848,0.9848,9.1852,0.7021,6.098,-2.801,-2.801,True,True,3.4307,2.2135,4,1.4141,1.0396,3,True,0.9156
TFMN4.exp2.ACN3788.concX_largeLib_SpeI_cleanup.1,A81-B26,A81,B26,4,-0.0136,1.6259,-0.3167,0.0112,4.0,two_phase,0.084,0.9263,0.9263,0.56108,0.04514,-5.084,-13.779,-13.779,True,True,0.3387,0.5371,4,0.3422,0.2825,3,False,0.3279
TFMN4.exp2.ACN3788.concX_smallLib_PCR_DpnI_cleanup.3,A185-B26,A185,B26,4,0.1459,0.558,-0.881,0.2112,4.0,two_phase,0.7778,0.9759,0.9759,2.05006,0.22204,0.099,-7.406,-7.406,True,True,2.0836,1.3004,4,2.3218,1.245,3,True,1.0922
TFMN4.exp2.ACN3788.concY_largeLib_PCR_DpnI_cleanup.2,A20-B6,A20,B6,4,-0.0783,2.4852,-0.7116,-0.0057,4.0,two_phase,0.352,0.9194,0.9194,4.47659,0.5566,3.223,-3.73,-3.73,True,True,0.747,0.8501,4,0.7602,0.7946,3,False,0.7059
TFMN4.exp2.ACN3788.concX_largeLib_SpeI.2,A78-B26,A78,B26,4,0.2614,1.1981,-0.0112,0.3412,6.0,two_phase,0.9693,0.9957,0.9957,1.59862,0.22217,-0.896,-7.404,-7.404,True,True,1.2999,1.7181,4,0.4739,0.5079,3,False,0.3524
