Candidate,verA,verB,r_joint_per_h,se_joint,se_wgs_only,se_ampl_only,se_reduction_ratio,ESS_fold_vs_wgs,r_wgs_only,r_ampl_only,evidence_tier,in_B4,se_heterogeneity_loso,r_sensitivity_to_b_amp,se_combined
A143-B84,A143,B84,0.3662,0.0046,0.0096,0.0088,1.912,4.35,0.3389,0.3899,both-deep,True,0.0039,0.0039,0.006
A186-B79,A186,B79,0.4225,0.0049,0.0095,0.009,1.85,3.8,0.3596,0.4482,both-deep,True,0.0042,0.0022,0.0065
A81-B132,A81,B132,0.3516,0.005,0.0121,0.0091,1.806,5.79,0.318,0.3767,both-deep,True,0.0036,0.0022,0.0062
A78-B77,A78,B77,0.3152,0.0053,0.0106,0.0092,1.758,4.11,0.3288,0.3363,both-deep,True,0.0037,0.0057,0.0065
A81-B12,A81,B12,0.3445,0.0125,0.0214,0.0413,1.711,2.93,0.386,0.3222,both-deep,True,0.0133,0.0068,0.0183
A78-B151,A78,B151,0.3277,0.0056,0.0177,0.0094,1.69,10.11,0.3011,0.351,both-deep,True,0.0039,0.0064,0.0068
A196-B117,A196,B117,0.3096,0.0059,0.0133,0.0097,1.65,5.17,0.3105,0.3305,both-deep,True,0.0037,0.0079,0.007
A81-B8,A81,B8,0.379,0.0046,0.0071,0.0088,1.534,2.35,0.3736,0.4025,both-deep,True,0.0039,0.0039,0.006
A196-B59,A196,B59,0.3099,0.0068,0.021,0.0102,1.514,9.61,0.3165,0.332,both-deep,True,0.0038,0.0078,0.0078
A186-B78,A186,B78,0.3714,0.0144,0.0217,0.0241,1.514,2.29,0.3468,0.4073,both-deep,True,0.0058,0.1037,0.0155
A196-B171,A196,B171,0.2931,0.0081,0.0127,0.0122,1.509,2.47,0.2836,0.3253,both-deep,True,0.0023,0.0247,0.0084
A152-B100,A152,B100,0.3432,0.0069,,0.0102,1.471,,,0.3669,amplicon-B4-only,True,0.0039,0.0132,0.0079
A81-B3,A81,B3,0.369,0.0076,0.0711,0.0107,1.412,88.28,0.2632,0.3937,both-deep,True,0.004,0.0056,0.0086
A196-B27,A196,B27,0.2785,0.0094,0.0176,0.013,1.387,3.51,0.2794,0.3012,both-deep,True,0.003,0.029,0.0099
A196-B15,A196,B15,0.2511,0.0138,0.019,0.02,1.384,1.92,0.2541,0.2722,both-deep,True,0.0055,0.0578,0.0149
A81-B75,A81,B75,0.2448,0.0173,0.0263,0.0237,1.369,2.3,0.2065,0.3038,both-deep,True,0.0074,0.0532,0.0188
A196-B87,A196,B87,0.3064,0.0053,0.0069,0.0096,1.306,1.7,0.3133,0.3285,both-deep,True,0.0035,0.0137,0.0064
A96-B140,A96,B140,0.2643,0.0332,0.043,0.0447,1.297,1.68,0.2457,0.321,both-deep,True,0.0114,0.0458,0.0351
A152-B151,A152,B151,0.2097,0.0226,0.0362,0.0288,1.276,2.56,0.1898,0.2538,both-deep,True,0.0031,0.0964,0.0228
A90-B154,A90,B154,0.1907,0.0497,0.0628,0.0606,1.221,1.6,0.1859,0.2538,both-deep,True,0.0153,0.0901,0.052
A65-B8,A65,B8,0.3761,0.0109,,0.0132,1.209,,,0.3993,amplicon-B4-only,True,0.0038,0.0214,0.0115
A78-B70,A78,B70,0.2525,0.0296,0.041,0.035,1.183,1.92,0.2506,0.2735,both-deep,True,0.0029,0.0325,0.0297
A196-B123,A196,B123,0.27,0.0114,0.0134,0.0167,1.178,1.39,0.2569,0.347,both-deep,True,0.0129,0.0402,0.0172
A78-B84,A78,B84,0.2894,0.0113,0.0426,0.0133,1.178,14.17,0.1928,0.3213,both-deep,True,0.0045,0.0245,0.0122
A78-B73,A78,B73,0.3248,0.0599,,0.0705,1.177,,,0.3364,amplicon-B4-only,True,0.0023,0.1116,0.0599
A132-B87,A132,B87,0.3248,0.0599,,0.0705,1.177,,,0.3364,amplicon-B4-only,True,0.0023,0.1116,0.0599
A143-B100,A143,B100,0.3248,0.0599,,0.0705,1.177,,,0.3364,amplicon-B4-only,True,0.0023,0.1116,0.0599
A193-B77,A193,B77,0.3248,0.0599,,0.0705,1.177,,,0.3364,amplicon-B4-only,True,0.0023,0.1116,0.0599
A93-B40,A93,B40,0.3248,0.0599,,0.0705,1.177,,,0.3364,amplicon-B4-only,True,0.0023,0.1116,0.0599
A196-B39,A196,B39,0.3248,0.0599,,0.0705,1.177,,,0.3364,amplicon-B4-only,True,0.0023,0.1116,0.0599
A176-B65,A176,B65,0.3248,0.0599,,0.0705,1.177,,,0.3364,amplicon-B4-only,True,0.0023,0.1116,0.0599
A78-B80,A78,B80,0.3248,0.0599,,0.0705,1.177,,,0.3364,amplicon-B4-only,True,0.0023,0.1116,0.0599
A151-B19,A151,B19,0.3248,0.0599,,0.0705,1.177,,,0.3364,amplicon-B4-only,True,0.0023,0.1116,0.0599
A82-B8,A82,B8,0.3248,0.0599,,0.0705,1.177,,,0.3364,amplicon-B4-only,True,0.0023,0.1116,0.0599
A68-B87,A68,B87,0.3248,0.0599,,0.0705,1.177,,,0.3364,amplicon-B4-only,True,0.0023,0.1116,0.0599
A78-B89,A78,B89,0.3248,0.0599,,0.0705,1.177,,,0.3364,amplicon-B4-only,True,0.0023,0.1116,0.0599
A176-B104,A176,B104,0.3248,0.0599,,0.0705,1.177,,,0.3364,amplicon-B4-only,True,0.0023,0.1116,0.0599
A78-B68,A78,B68,0.3248,0.0599,,0.0705,1.177,,,0.3364,amplicon-B4-only,True,0.0023,0.1116,0.0599
A78-B65,A78,B65,0.3248,0.0599,,0.0705,1.177,,,0.3364,amplicon-B4-only,True,0.0023,0.1116,0.0599
A143-B148,A143,B148,0.3248,0.0599,,0.0705,1.177,,,0.3364,amplicon-B4-only,True,0.0023,0.1116,0.0599
A145-B8,A145,B8,0.3248,0.0599,,0.0705,1.177,,,0.3364,amplicon-B4-only,True,0.0023,0.1116,0.0599
A81-B136,A81,B136,0.3248,0.0599,,0.0705,1.177,,,0.3364,amplicon-B4-only,True,0.0023,0.1116,0.0599
A1-B87,A1,B87,0.3248,0.0599,,0.0705,1.177,,,0.3364,amplicon-B4-only,True,0.0023,0.1116,0.0599
A81-B16,A81,B16,0.3248,0.0599,,0.0705,1.177,,,0.3364,amplicon-B4-only,True,0.0023,0.1116,0.0599
A153-B6,A153,B6,0.3288,0.0057,0.0067,0.0146,1.175,1.38,0.343,0.3239,both-deep,True,0.0124,0.0112,0.0136
A93-B8,A93,B8,0.3751,0.0122,,0.0143,1.167,,,0.3982,amplicon-B4-only,True,0.0038,0.0238,0.0128
A196-B8,A196,B8,0.3115,0.0177,0.0495,0.0205,1.16,7.83,0.2957,0.3327,both-deep,True,0.0037,0.0,0.0181
A138-B79,A138,B79,0.3816,0.0223,0.0257,,1.156,1.34,0.377,,WGS-only,False,0.0035,0.1937,0.0226
A196-B2,A196,B2,0.3107,0.0072,0.0083,0.0162,1.153,1.33,0.3219,0.313,both-deep,True,0.0037,0.0233,0.0081
A81-B27,A81,B27,0.293,0.0155,0.0439,0.0178,1.151,8.06,0.2693,0.3154,both-deep,True,0.004,0.0354,0.016
A81-B40,A81,B40,0.247,0.0248,0.047,0.0285,1.15,3.58,0.194,0.2951,both-deep,True,0.0069,0.0558,0.0257
A90-B120,A90,B120,0.2668,0.0203,0.0388,0.0233,1.149,3.67,0.2572,0.2883,both-deep,True,0.0047,0.0478,0.0208
A81-B18,A81,B18,0.2552,0.0208,0.0391,0.0239,1.148,3.52,0.2611,0.2746,both-deep,True,0.0033,0.0676,0.0211
A78-B109,A78,B109,0.3211,0.0467,,0.0535,1.146,,,0.3379,amplicon-B4-only,True,0.003,0.0541,0.0468
A63-B75,A63,B75,0.225,0.0432,0.0495,0.0591,1.145,1.31,0.2083,0.325,both-deep,True,0.0071,0.0409,0.0438
A83-B50,A83,B50,0.3217,0.0116,0.0253,0.0132,1.143,4.78,0.2814,0.3606,both-deep,True,0.0034,0.0181,0.0121
A90-B151,A90,B151,0.2948,0.0154,0.0437,0.0176,1.142,8.06,0.2587,0.3184,both-deep,True,0.0041,0.0325,0.0159
A90-B103,A90,B103,0.3159,0.0338,0.0386,0.0705,1.142,1.3,0.3141,0.3364,both-deep,True,0.0032,0.0557,0.034
A143-B130,A143,B130,0.2455,0.0618,0.0709,0.0705,1.142,1.32,0.218,0.3364,both-deep,True,0.0238,0.0116,0.0662
A196-B139,A196,B139,0.3159,0.0338,0.0386,0.0705,1.142,1.3,0.3141,0.3364,both-deep,True,0.0032,0.0557,0.034
A176-B131,A176,B131,0.3322,0.0422,,0.048,1.137,,,0.3502,amplicon-B4-only,True,0.0031,0.077,0.0423
A196-B107,A196,B107,0.3322,0.0422,,0.048,1.137,,,0.3502,amplicon-B4-only,True,0.0031,0.077,0.0423
A176-B119,A176,B119,0.3322,0.0422,,0.048,1.137,,,0.3502,amplicon-B4-only,True,0.0031,0.077,0.0423
A96-B87,A96,B87,0.2773,0.0203,0.0231,0.0413,1.137,1.29,0.2717,0.3222,both-deep,True,0.0077,0.023,0.0217
A143-B93,A143,B93,0.3322,0.0422,,0.048,1.137,,,0.3502,amplicon-B4-only,True,0.0031,0.077,0.0423
A4-B87,A4,B87,0.3098,0.0521,,0.0591,1.135,,,0.325,amplicon-B4-only,True,0.0028,0.0352,0.0522
A90-B84,A90,B84,0.3098,0.0521,,0.0591,1.135,,,0.325,amplicon-B4-only,True,0.0028,0.0352,0.0522
A196-B75,A196,B75,0.2793,0.0185,0.0209,0.0383,1.133,1.28,0.2782,0.3351,both-deep,True,0.0034,0.037,0.0188
A78-B137,A78,B137,0.2938,0.0063,0.0071,0.0114,1.132,1.28,0.3245,0.2878,both-deep,True,0.0115,0.0235,0.0131
A79-B77,A79,B77,0.3494,0.034,0.0385,,1.131,1.28,0.3352,,WGS-only,False,0.0032,0.1984,0.0342
A63-B145,A63,B145,0.3494,0.034,0.0385,,1.131,1.28,0.3352,,WGS-only,False,0.0032,0.1984,0.0342
A63-B84,A63,B84,0.3086,0.0643,,0.0727,1.13,,,0.3191,amplicon-B4-only,True,0.002,0.0693,0.0643
A4-B117,A4,B117,0.3086,0.0643,,0.0727,1.13,,,0.3191,amplicon-B4-only,True,0.002,0.0693,0.0643
A77-B8,A77,B8,0.3086,0.0643,,0.0727,1.13,,,0.3191,amplicon-B4-only,True,0.002,0.0693,0.0643
A81-B140,A81,B140,0.2392,0.0278,0.0314,0.0386,1.128,1.27,0.2778,0.2214,both-deep,True,0.0132,0.0807,0.0308
A83-B137,A83,B137,0.2999,0.0307,0.0345,0.0705,1.124,1.26,0.2996,0.3364,both-deep,True,0.0055,0.0322,0.0312
A90-B155,A90,B155,0.1766,0.0299,0.0335,0.0349,1.122,1.26,0.2682,0.1661,both-deep,True,0.0092,0.113,0.0313
A78-B26,A78,B26,0.3457,0.0058,0.0065,0.043,1.12,1.25,0.3508,0.2888,both-deep,True,0.0044,0.001,0.0073
A96-B79,A96,B79,0.2469,0.0199,0.0222,0.0422,1.118,1.25,0.2407,0.3008,both-deep,True,0.0047,0.0515,0.0204
A196-B6,A196,B6,0.3161,0.0133,0.0149,0.031,1.118,1.25,0.3169,0.3447,both-deep,True,0.004,0.0028,0.0139
A78-B155,A78,B155,0.3445,0.0216,0.0709,0.0241,1.114,10.79,0.218,0.4073,both-deep,True,0.0125,0.056,0.025
A153-B30,A153,B30,0.3061,0.0059,0.0065,0.0139,1.104,1.22,0.3084,0.3237,both-deep,True,0.0037,0.0234,0.007
A135-B84,A135,B84,0.3345,0.0342,,0.0377,1.102,,,0.3547,amplicon-B4-only,True,0.0034,0.0605,0.0344
A159-B24,A159,B24,0.2979,0.0571,,0.0629,1.102,,,0.3115,amplicon-B4-only,True,0.0025,0.0149,0.0572
A196-B91,A196,B91,0.2979,0.0571,,0.0629,1.102,,,0.3115,amplicon-B4-only,True,0.0025,0.0149,0.0572
A102-B120,A102,B120,0.3345,0.0342,,0.0377,1.102,,,0.3547,amplicon-B4-only,True,0.0034,0.0605,0.0344
A63-B117,A63,B117,0.2604,0.0308,0.0339,0.048,1.101,1.21,0.2457,0.3502,both-deep,True,0.0061,0.0136,0.0314
A78-B150,A78,B150,0.3432,0.0156,0.0711,0.0171,1.098,20.89,0.2632,0.3689,both-deep,True,0.0042,0.01,0.0162
A81-B65,A81,B65,0.2609,0.031,0.034,0.0468,1.096,1.2,0.2741,0.267,both-deep,True,0.0052,0.0684,0.0314
A15-B84,A15,B84,0.3582,0.0174,,0.019,1.094,,,0.381,amplicon-B4-only,True,0.0038,0.0388,0.0178
A186-B30,A186,B30,0.3083,0.0354,,0.0386,1.091,,,0.3286,amplicon-B4-only,True,0.0035,0.018,0.0356
A143-B92,A143,B92,0.3832,0.0161,,0.0175,1.089,,,0.4057,amplicon-B4-only,True,0.0037,0.0403,0.0165
A191-B84,A191,B84,0.3644,0.0178,,0.0193,1.088,,,0.387,amplicon-B4-only,True,0.0038,0.0465,0.0182
A90-B47,A90,B47,0.2867,0.0238,0.0332,0.0257,1.082,1.95,0.2624,0.3427,both-deep,True,0.0099,0.0433,0.0258
A81-B84,A81,B84,0.2994,0.0096,0.0104,0.0249,1.081,1.17,0.304,0.2967,both-deep,True,0.0063,0.0224,0.0115
A78-B142,A78,B142,0.2901,0.0531,,0.0573,1.079,,,0.3052,amplicon-B4-only,True,0.0028,0.0221,0.0532
A90-B18,A90,B18,0.3269,0.0122,0.0131,0.0414,1.076,1.16,0.3317,0.346,both-deep,True,0.0192,0.0183,0.0227
A196-B86,A196,B86,0.2927,0.0681,,0.0732,1.076,,,0.3022,amplicon-B4-only,True,0.0018,0.035,0.0681
A143-B8,A143,B8,0.3703,0.0195,,0.0208,1.07,,,0.3925,amplicon-B4-only,True,0.0037,0.0597,0.0198
A81-B51,A81,B51,0.3401,0.0055,0.0059,0.0384,1.07,1.15,0.3414,0.2884,both-deep,True,0.0259,0.0065,0.0265
A81-B5,A81,B5,0.3703,0.0195,,0.0208,1.07,,,0.3925,amplicon-B4-only,True,0.0037,0.0597,0.0198
A81-B77,A81,B77,0.3703,0.0195,,0.0208,1.07,,,0.3925,amplicon-B4-only,True,0.0037,0.0597,0.0198
A159-B77,A159,B77,0.2913,0.0333,,0.0356,1.069,,,0.3118,amplicon-B4-only,True,0.0036,0.0503,0.0335
A81-B6,A81,B6,0.3579,0.0055,0.0059,0.0782,1.068,1.14,0.362,0.2523,both-deep,True,0.0051,0.0045,0.0075
A152-B9,A152,B9,0.235,0.0702,0.0748,0.0854,1.066,1.14,0.2488,0.2806,both-deep,True,0.0127,0.0281,0.0713
A196-B30,A196,B30,0.299,0.0181,0.0667,0.0192,1.065,13.63,0.2408,0.325,both-deep,True,0.0044,0.0312,0.0186
A186-B75,A186,B75,0.2281,0.0694,0.0738,0.0854,1.063,1.13,0.2394,0.2806,both-deep,True,0.0162,0.0181,0.0713
A81-B42,A81,B42,0.2692,0.0448,0.0699,0.0473,1.057,2.43,0.2407,0.3131,both-deep,True,0.0065,0.0404,0.0453
A81-B47,A81,B47,0.3447,0.0199,0.0209,0.0705,1.054,1.11,0.3422,0.3364,both-deep,True,0.0066,0.026,0.021
A196-B11,A196,B11,0.2771,0.009,0.0095,,1.054,1.11,0.2766,,WGS-only,False,0.0027,0.0305,0.0094
A81-B174,A81,B174,0.3561,0.006,0.0063,,1.052,1.11,0.3588,,WGS-only,False,0.0187,0.0022,0.0196
A63-B6,A63,B6,0.3288,0.0073,0.0076,,1.051,1.11,0.3363,,WGS-only,False,0.003,0.0189,0.0079
A96-B75,A96,B75,0.2539,0.0335,0.0352,0.0596,1.05,1.1,0.272,0.245,both-deep,True,0.0095,0.0595,0.0348
A152-B110,A152,B110,0.2307,0.0507,0.0642,0.0532,1.049,1.6,0.2249,0.274,both-deep,True,0.0098,0.0136,0.0516
A78-B171,A78,B171,0.1986,0.0274,0.0389,0.0288,1.049,2.01,0.1369,0.3321,both-deep,True,0.0288,0.0701,0.0398
A176-B120,A176,B120,0.342,0.0115,0.012,0.0727,1.048,1.1,0.335,0.3191,both-deep,True,0.0269,0.0096,0.0293
A83-B151,A83,B151,0.3021,0.0055,0.0057,,1.048,1.1,0.3025,,WGS-only,False,0.0047,0.0214,0.0072
A20-B30,A20,B30,0.2734,0.0429,,0.045,1.048,,,0.2912,amplicon-B4-only,True,0.0033,0.0755,0.043
A196-B4,A196,B4,0.3679,0.0065,0.0068,,1.045,1.09,0.3715,,WGS-only,False,0.0387,0.0032,0.0392
A20-B126,A20,B126,0.2642,0.0159,0.0166,0.048,1.045,1.09,0.2606,0.3502,both-deep,True,0.0165,0.0271,0.0229
A81-B30,A81,B30,0.3243,0.0056,0.0059,,1.045,1.09,0.3251,,WGS-only,False,0.0148,0.017,0.0158
A78-B3,A78,B3,0.3372,0.0055,0.0058,,1.044,1.09,0.338,,WGS-only,False,0.0123,0.0093,0.0135
A196-B168,A196,B168,0.3255,0.0058,0.0061,,1.044,1.09,0.326,,WGS-only,False,0.0049,0.0139,0.0076
A196-B151,A196,B151,0.2921,0.0055,0.0058,0.048,1.043,1.09,0.2915,0.3502,both-deep,True,0.0079,0.0241,0.0096
A90-B145,A90,B145,0.2469,0.0303,,0.0316,1.041,,,0.2667,amplicon-B4-only,True,0.0037,0.0845,0.0305
A176-B101,A176,B101,0.2514,0.0613,0.0637,0.0854,1.039,1.08,0.2639,0.2806,both-deep,True,0.0077,0.0035,0.0618
A78-B130,A78,B130,0.2131,0.063,0.0653,0.0814,1.038,1.08,0.2279,0.2663,both-deep,True,0.0145,0.0147,0.0646
A196-B79,A196,B79,0.2964,0.0095,0.0099,,1.036,1.07,0.3028,,WGS-only,False,0.0092,0.0311,0.0132
A20-B84,A20,B84,0.2598,0.0146,0.0152,0.055,1.036,1.07,0.2579,0.3163,both-deep,True,0.0054,0.0467,0.0156
A20-B60,A20,B60,0.2588,0.0687,0.0711,0.072,1.035,1.07,0.2632,0.2866,both-deep,True,0.0061,0.0245,0.069
A196-B85,A196,B85,0.2703,0.0289,0.0299,0.0703,1.035,1.07,0.2759,0.2726,both-deep,True,0.0039,0.0417,0.0292
A186-B71,A186,B71,0.3963,0.0206,,0.0213,1.034,,,0.418,amplicon-B4-only,True,0.0036,0.0661,0.0209
A186-B111,A186,B111,0.3963,0.0206,,0.0213,1.034,,,0.418,amplicon-B4-only,True,0.0036,0.0661,0.0209
A186-B99,A186,B99,0.3963,0.0206,,0.0213,1.034,,,0.418,amplicon-B4-only,True,0.0036,0.0661,0.0209
A186-B15,A186,B15,0.3963,0.0206,,0.0213,1.034,,,0.418,amplicon-B4-only,True,0.0036,0.0661,0.0209
A186-B148,A186,B148,0.3963,0.0206,,0.0213,1.034,,,0.418,amplicon-B4-only,True,0.0036,0.0661,0.0209
A196-B51,A196,B51,0.3043,0.0094,0.0097,,1.034,1.07,0.3117,,WGS-only,False,0.0029,0.0302,0.0098
A196-B132,A196,B132,0.2739,0.0228,0.0236,,1.033,1.07,0.2731,,WGS-only,False,0.0026,0.0443,0.0229
A81-B151,A81,B151,0.3544,0.0064,0.0066,,1.033,1.07,0.3554,,WGS-only,False,0.0257,0.0012,0.0265
A20-B101,A20,B101,0.2798,0.0528,0.0545,,1.032,1.07,0.2843,,WGS-only,False,0.002,0.015,0.0528
A176-B59,A176,B59,0.2798,0.0528,0.0545,,1.032,1.07,0.2843,,WGS-only,False,0.002,0.015,0.0528
A152-B27,A152,B27,0.2798,0.0528,0.0545,,1.032,1.07,0.2843,,WGS-only,False,0.002,0.015,0.0528
A81-B11,A81,B11,0.2798,0.0528,0.0545,,1.032,1.07,0.2843,,WGS-only,False,0.002,0.015,0.0528
A196-B18,A196,B18,0.3053,0.0164,0.0169,,1.031,1.06,0.3065,,WGS-only,False,0.0026,0.0188,0.0166
A81-B7,A81,B7,0.386,0.0234,,0.0241,1.03,,,0.4073,amplicon-B4-only,True,0.0035,0.0841,0.0237
A143-B68,A143,B68,0.386,0.0234,,0.0241,1.03,,,0.4073,amplicon-B4-only,True,0.0035,0.0841,0.0237
A122-B79,A122,B79,0.386,0.0234,,0.0241,1.03,,,0.4073,amplicon-B4-only,True,0.0035,0.0841,0.0237
A130-B79,A130,B79,0.386,0.0234,,0.0241,1.03,,,0.4073,amplicon-B4-only,True,0.0035,0.0841,0.0237
A113-B8,A113,B8,0.386,0.0234,,0.0241,1.03,,,0.4073,amplicon-B4-only,True,0.0035,0.0841,0.0237
A82-B77,A82,B77,0.386,0.0234,,0.0241,1.03,,,0.4073,amplicon-B4-only,True,0.0035,0.0841,0.0237
A143-B89,A143,B89,0.386,0.0234,,0.0241,1.03,,,0.4073,amplicon-B4-only,True,0.0035,0.0841,0.0237
A186-B77,A186,B77,0.386,0.0234,,0.0241,1.03,,,0.4073,amplicon-B4-only,True,0.0035,0.0841,0.0237
A93-B136,A93,B136,0.386,0.0234,,0.0241,1.03,,,0.4073,amplicon-B4-only,True,0.0035,0.0841,0.0237
A154-B79,A154,B79,0.386,0.0234,,0.0241,1.03,,,0.4073,amplicon-B4-only,True,0.0035,0.0841,0.0237
A81-B4,A81,B4,0.2616,0.061,,0.0628,1.03,,,0.2739,amplicon-B4-only,True,0.0024,0.0471,0.061
A97-B8,A97,B8,0.386,0.0234,,0.0241,1.03,,,0.4073,amplicon-B4-only,True,0.0035,0.0841,0.0237
A143-B82,A143,B82,0.386,0.0234,,0.0241,1.03,,,0.4073,amplicon-B4-only,True,0.0035,0.0841,0.0237
A81-B66,A81,B66,0.2738,0.0308,0.0317,,1.03,1.06,0.2729,,WGS-only,False,0.0024,0.0452,0.0309
A186-B8,A186,B8,0.386,0.0234,,0.0241,1.03,,,0.4073,amplicon-B4-only,True,0.0035,0.0841,0.0237
A101-B8,A101,B8,0.386,0.0234,,0.0241,1.03,,,0.4073,amplicon-B4-only,True,0.0035,0.0841,0.0237
A90-B75,A90,B75,0.291,0.0085,0.0088,,1.03,1.06,0.2927,,WGS-only,False,0.0182,0.0195,0.0201
A143-B76,A143,B76,0.386,0.0234,,0.0241,1.03,,,0.4073,amplicon-B4-only,True,0.0035,0.0841,0.0237
A21-B6,A21,B6,0.2988,0.0104,0.0107,,1.03,1.06,0.3062,,WGS-only,False,0.0029,0.0346,0.0108
A90-B26,A90,B26,0.3244,0.0117,0.0121,0.0727,1.029,1.06,0.3241,0.3191,both-deep,True,0.0077,0.0052,0.014
A196-B122,A196,B122,0.264,0.0298,0.0626,0.0306,1.028,4.42,0.2124,0.2977,both-deep,True,0.0065,0.0292,0.0305
A90-B70,A90,B70,0.2978,0.0327,0.0336,,1.027,1.06,0.297,,WGS-only,False,0.0145,0.0048,0.0358
A176-B30,A176,B30,0.3213,0.0101,0.0104,,1.027,1.05,0.3242,,WGS-only,False,0.0089,0.0154,0.0135
A16-B65,A16,B65,0.2729,0.0457,0.0469,,1.026,1.05,0.278,,WGS-only,False,0.0022,0.0102,0.0458
A20-B70,A20,B70,0.282,0.0343,0.0351,,1.026,1.05,0.2812,,WGS-only,False,0.0029,0.0332,0.0344
A12-B60,A12,B60,0.2729,0.0457,0.0469,,1.026,1.05,0.278,,WGS-only,False,0.0022,0.0102,0.0458
A16-B137,A16,B137,0.3096,0.0109,0.0112,,1.026,1.05,0.317,,WGS-only,False,0.0029,0.0306,0.0113
A81-B2,A81,B2,0.318,0.0066,0.0067,,1.025,1.05,0.3172,,WGS-only,False,0.0061,0.0179,0.009
A196-B136,A196,B136,0.2822,0.0156,0.016,,1.025,1.05,0.2884,,WGS-only,False,0.0129,0.0352,0.0202
A81-B177,A81,B177,0.29,0.0178,0.0182,,1.025,1.05,0.2887,,WGS-only,False,0.0184,0.0342,0.0256
A83-B84,A83,B84,0.3143,0.0098,0.01,,1.025,1.05,0.3205,,WGS-only,False,0.0056,0.0228,0.0113
A113-B174,A113,B174,0.3133,0.0376,0.0386,,1.024,1.05,0.3141,,WGS-only,False,0.0022,0.0121,0.0377
A38-B128,A38,B128,0.3133,0.0376,0.0386,,1.024,1.05,0.3141,,WGS-only,False,0.0022,0.0121,0.0377
A176-B154,A176,B154,0.3133,0.0376,0.0386,,1.024,1.05,0.3141,,WGS-only,False,0.0022,0.0121,0.0377
A20-B178,A20,B178,0.251,0.0602,,0.0617,1.024,,,0.2634,amplicon-B4-only,True,0.0024,0.0609,0.0602
A97-B174,A97,B174,0.3133,0.0376,0.0386,,1.024,1.05,0.3141,,WGS-only,False,0.0022,0.0121,0.0377
A63-B26,A63,B26,0.3316,0.039,0.0399,,1.023,1.05,0.3337,,WGS-only,False,0.0056,0.032,0.0394
A153-B77,A153,B77,0.3433,0.006,0.0061,,1.023,1.05,0.3418,,WGS-only,False,0.0053,0.0081,0.008
A143-B117,A143,B117,0.2665,0.0352,0.036,,1.023,1.05,0.2687,,WGS-only,False,0.0172,0.0527,0.0392
A78-B117,A78,B117,0.3493,0.0063,0.0065,,1.023,1.05,0.3457,,WGS-only,False,0.0135,0.0044,0.0149
A96-B6,A96,B6,0.3316,0.039,0.0399,,1.023,1.05,0.3337,,WGS-only,False,0.0056,0.032,0.0394
A81-B120,A81,B120,0.3091,0.01,0.0102,,1.023,1.05,0.3095,,WGS-only,False,0.0033,0.0233,0.0105
A78-B2,A78,B2,0.3214,0.0088,0.009,,1.023,1.05,0.322,,WGS-only,False,0.0219,0.0184,0.0236
A20-B66,A20,B66,0.3267,0.0116,0.0119,,1.023,1.05,0.3288,,WGS-only,False,0.0026,0.0102,0.0119
A15-B117,A15,B117,0.3087,0.035,0.0357,,1.022,1.04,0.3148,,WGS-only,False,0.0025,0.0044,0.0351
A196-B147,A196,B147,0.2862,0.0389,0.0398,,1.022,1.05,0.2867,,WGS-only,False,0.0037,0.01,0.0391
A186-B26,A186,B26,0.3015,0.0129,0.0131,,1.022,1.04,0.3087,,WGS-only,False,0.0029,0.0292,0.0132
A186-B3,A186,B3,0.2973,0.013,0.0133,,1.022,1.05,0.3046,,WGS-only,False,0.0029,0.0277,0.0133
A20-B69,A20,B69,0.3087,0.035,0.0357,,1.022,1.04,0.3148,,WGS-only,False,0.0025,0.0044,0.0351
A176-B18,A176,B18,0.3087,0.035,0.0357,,1.022,1.04,0.3148,,WGS-only,False,0.0025,0.0044,0.0351
A83-B138,A83,B138,0.3303,0.0113,0.0115,,1.022,1.04,0.3377,,WGS-only,False,0.003,0.0034,0.0117
A16-B79,A16,B79,0.2692,0.0412,0.0421,,1.022,1.05,0.2747,,WGS-only,False,0.0023,0.0224,0.0413
A98-B77,A98,B77,0.2772,0.0836,,0.0854,1.021,,,0.2806,amplicon-B4-only,True,0.0009,0.0864,0.0836
A115-B84,A115,B84,0.2772,0.0836,,0.0854,1.021,,,0.2806,amplicon-B4-only,True,0.0009,0.0864,0.0836
A126-B137,A126,B137,0.2772,0.0836,,0.0854,1.021,,,0.2806,amplicon-B4-only,True,0.0009,0.0864,0.0836
A90-B165,A90,B165,0.2772,0.0836,,0.0854,1.021,,,0.2806,amplicon-B4-only,True,0.0009,0.0864,0.0836
A90-B23,A90,B23,0.2772,0.0836,,0.0854,1.021,,,0.2806,amplicon-B4-only,True,0.0009,0.0864,0.0836
A143-B145,A143,B145,0.2772,0.0836,,0.0854,1.021,,,0.2806,amplicon-B4-only,True,0.0009,0.0864,0.0836
A132-B171,A132,B171,0.2772,0.0836,,0.0854,1.021,,,0.2806,amplicon-B4-only,True,0.0009,0.0864,0.0836
A132-B15,A132,B15,0.2772,0.0836,,0.0854,1.021,,,0.2806,amplicon-B4-only,True,0.0009,0.0864,0.0836
A145-B30,A145,B30,0.2772,0.0836,,0.0854,1.021,,,0.2806,amplicon-B4-only,True,0.0009,0.0864,0.0836
A132-B117,A132,B117,0.2772,0.0836,,0.0854,1.021,,,0.2806,amplicon-B4-only,True,0.0009,0.0864,0.0836
A149-B6,A149,B6,0.2772,0.0836,,0.0854,1.021,,,0.2806,amplicon-B4-only,True,0.0009,0.0864,0.0836
A152-B126,A152,B126,0.2772,0.0836,,0.0854,1.021,,,0.2806,amplicon-B4-only,True,0.0009,0.0864,0.0836
A143-B77,A143,B77,0.2772,0.0836,,0.0854,1.021,,,0.2806,amplicon-B4-only,True,0.0009,0.0864,0.0836
A90-B147,A90,B147,0.2772,0.0836,,0.0854,1.021,,,0.2806,amplicon-B4-only,True,0.0009,0.0864,0.0836
A84-B132,A84,B132,0.2772,0.0836,,0.0854,1.021,,,0.2806,amplicon-B4-only,True,0.0009,0.0864,0.0836
A89-B119,A89,B119,0.2772,0.0836,,0.0854,1.021,,,0.2806,amplicon-B4-only,True,0.0009,0.0864,0.0836
A196-B120,A196,B120,0.2772,0.0836,,0.0854,1.021,,,0.2806,amplicon-B4-only,True,0.0009,0.0864,0.0836
A194-B117,A194,B117,0.2772,0.0836,,0.0854,1.021,,,0.2806,amplicon-B4-only,True,0.0009,0.0864,0.0836
A176-B33,A176,B33,0.2772,0.0836,,0.0854,1.021,,,0.2806,amplicon-B4-only,True,0.0009,0.0864,0.0836
A153-B105,A153,B105,0.2772,0.0836,,0.0854,1.021,,,0.2806,amplicon-B4-only,True,0.0009,0.0864,0.0836
A196-B169,A196,B169,0.2772,0.0836,,0.0854,1.021,,,0.2806,amplicon-B4-only,True,0.0009,0.0864,0.0836
A146-B137,A146,B137,0.2772,0.0836,,0.0854,1.021,,,0.2806,amplicon-B4-only,True,0.0009,0.0864,0.0836
A147-B6,A147,B6,0.2772,0.0836,,0.0854,1.021,,,0.2806,amplicon-B4-only,True,0.0009,0.0864,0.0836
A176-B132,A176,B132,0.2772,0.0836,,0.0854,1.021,,,0.2806,amplicon-B4-only,True,0.0009,0.0864,0.0836
A196-B23,A196,B23,0.2772,0.0836,,0.0854,1.021,,,0.2806,amplicon-B4-only,True,0.0009,0.0864,0.0836
A196-B19,A196,B19,0.2772,0.0836,,0.0854,1.021,,,0.2806,amplicon-B4-only,True,0.0009,0.0864,0.0836
A81-B163,A81,B163,0.2772,0.0836,,0.0854,1.021,,,0.2806,amplicon-B4-only,True,0.0009,0.0864,0.0836
A78-B97,A78,B97,0.2772,0.0836,,0.0854,1.021,,,0.2806,amplicon-B4-only,True,0.0009,0.0864,0.0836
A153-B8,A153,B8,0.2772,0.0836,,0.0854,1.021,,,0.2806,amplicon-B4-only,True,0.0009,0.0864,0.0836
A81-B127,A81,B127,0.2538,0.0255,0.026,,1.021,1.04,0.2521,,WGS-only,False,0.0026,0.0603,0.0256
A78-B93,A78,B93,0.2772,0.0836,,0.0854,1.021,,,0.2806,amplicon-B4-only,True,0.0009,0.0864,0.0836
A78-B87,A78,B87,0.2772,0.0836,,0.0854,1.021,,,0.2806,amplicon-B4-only,True,0.0009,0.0864,0.0836
A20-B117,A20,B117,0.2772,0.0836,,0.0854,1.021,,,0.2806,amplicon-B4-only,True,0.0009,0.0864,0.0836
A196-B65,A196,B65,0.2893,0.0485,0.0495,,1.021,1.04,0.2898,,WGS-only,False,0.0032,0.0095,0.0486
A78-B149,A78,B149,0.2772,0.0836,,0.0854,1.021,,,0.2806,amplicon-B4-only,True,0.0009,0.0864,0.0836
A78-B169,A78,B169,0.2772,0.0836,,0.0854,1.021,,,0.2806,amplicon-B4-only,True,0.0009,0.0864,0.0836
A23-B87,A23,B87,0.2772,0.0836,,0.0854,1.021,,,0.2806,amplicon-B4-only,True,0.0009,0.0864,0.0836
A25-B30,A25,B30,0.2772,0.0836,,0.0854,1.021,,,0.2806,amplicon-B4-only,True,0.0009,0.0864,0.0836
A49-B27,A49,B27,0.2772,0.0836,,0.0854,1.021,,,0.2806,amplicon-B4-only,True,0.0009,0.0864,0.0836
A74-B23,A74,B23,0.2772,0.0836,,0.0854,1.021,,,0.2806,amplicon-B4-only,True,0.0009,0.0864,0.0836
A78-B115,A78,B115,0.2772,0.0836,,0.0854,1.021,,,0.2806,amplicon-B4-only,True,0.0009,0.0864,0.0836
A60-B151,A60,B151,0.2772,0.0836,,0.0854,1.021,,,0.2806,amplicon-B4-only,True,0.0009,0.0864,0.0836
A68-B27,A68,B27,0.2772,0.0836,,0.0854,1.021,,,0.2806,amplicon-B4-only,True,0.0009,0.0864,0.0836
A23-B151,A23,B151,0.2772,0.0836,,0.0854,1.021,,,0.2806,amplicon-B4-only,True,0.0009,0.0864,0.0836
A4-B171,A4,B171,0.2772,0.0836,,0.0854,1.021,,,0.2806,amplicon-B4-only,True,0.0009,0.0864,0.0836
A65-B171,A65,B171,0.2772,0.0836,,0.0854,1.021,,,0.2806,amplicon-B4-only,True,0.0009,0.0864,0.0836
A96-B91,A96,B91,0.2772,0.0836,,0.0854,1.021,,,0.2806,amplicon-B4-only,True,0.0009,0.0864,0.0836
A63-B23,A63,B23,0.2772,0.0836,,0.0854,1.021,,,0.2806,amplicon-B4-only,True,0.0009,0.0864,0.0836
A186-B115,A186,B115,0.2772,0.0836,,0.0854,1.021,,,0.2806,amplicon-B4-only,True,0.0009,0.0864,0.0836
A96-B127,A96,B127,0.2772,0.0836,,0.0854,1.021,,,0.2806,amplicon-B4-only,True,0.0009,0.0864,0.0836
A153-B101,A153,B101,0.279,0.0451,0.046,,1.02,1.04,0.2785,,WGS-only,False,0.0038,0.016,0.0453
A153-B165,A153,B165,0.2914,0.0541,0.0551,,1.02,1.04,0.2919,,WGS-only,False,0.0028,0.004,0.0542
A196-B9,A196,B9,0.2724,0.0255,0.0261,,1.02,1.04,0.2725,,WGS-only,False,0.0038,0.0494,0.0258
A90-B119,A90,B119,0.2144,0.0522,,0.0532,1.02,,,0.2288,amplicon-B4-only,True,0.0027,0.1254,0.0523
A193-B11,A193,B11,0.279,0.0574,0.0585,,1.019,1.04,0.278,,WGS-only,False,0.0018,0.0133,0.0574
A90-B171,A90,B171,0.2548,0.0482,0.0491,,1.019,1.04,0.2528,,WGS-only,False,0.0026,0.052,0.0483
A96-B12,A96,B12,0.2476,0.0672,0.0684,,1.018,1.04,0.2505,,WGS-only,False,0.0015,0.0246,0.0672
A78-B144,A78,B144,0.2953,0.0626,0.0638,,1.018,1.04,0.2956,,WGS-only,False,0.0023,0.0118,0.0626
A20-B34,A20,B34,0.2476,0.0672,0.0684,,1.018,1.04,0.2505,,WGS-only,False,0.0015,0.0246,0.0672
A78-B69,A78,B69,0.2612,0.08,,0.0814,1.018,,,0.2663,amplicon-B4-only,True,0.0012,0.0425,0.08
A196-B163,A196,B163,0.2612,0.08,,0.0814,1.018,,,0.2663,amplicon-B4-only,True,0.0012,0.0425,0.08
A152-B149,A152,B149,0.2612,0.08,,0.0814,1.018,,,0.2663,amplicon-B4-only,True,0.0012,0.0425,0.08
A186-B143,A186,B143,0.2612,0.08,,0.0814,1.018,,,0.2663,amplicon-B4-only,True,0.0012,0.0425,0.08
A152-B2,A152,B2,0.2953,0.0626,0.0638,,1.018,1.04,0.2956,,WGS-only,False,0.0023,0.0118,0.0626
A196-B34,A196,B34,0.28,0.0517,0.0527,,1.018,1.04,0.2792,,WGS-only,False,0.0024,0.0176,0.0518
A196-B93,A196,B93,0.2476,0.0672,0.0684,,1.018,1.04,0.2505,,WGS-only,False,0.0015,0.0246,0.0672
A81-B15,A81,B15,0.2612,0.08,,0.0814,1.018,,,0.2663,amplicon-B4-only,True,0.0012,0.0425,0.08
A96-B27,A96,B27,0.2929,0.0206,0.021,,1.018,1.04,0.2998,,WGS-only,False,0.0028,0.0323,0.0208
A78-B42,A78,B42,0.28,0.0517,0.0527,,1.018,1.04,0.2792,,WGS-only,False,0.0024,0.0176,0.0518
A78-B23,A78,B23,0.2612,0.08,,0.0814,1.018,,,0.2663,amplicon-B4-only,True,0.0012,0.0425,0.08
A20-B71,A20,B71,0.3062,0.0149,0.0152,,1.018,1.04,0.3128,,WGS-only,False,0.0093,0.0241,0.0176
A20-B8,A20,B8,0.2612,0.08,,0.0814,1.018,,,0.2663,amplicon-B4-only,True,0.0012,0.0425,0.08
A16-B154,A16,B154,0.307,0.0177,0.018,,1.018,1.04,0.3105,,WGS-only,False,0.0049,0.0278,0.0184
A78-B9,A78,B9,0.2612,0.08,,0.0814,1.018,,,0.2663,amplicon-B4-only,True,0.0012,0.0425,0.08
A90-B159,A90,B159,0.1827,0.066,,0.0672,1.017,,,0.1928,amplicon-B4-only,True,0.0021,0.1211,0.066
A78-B40,A78,B40,0.2966,0.0225,0.0229,,1.017,1.03,0.3035,,WGS-only,False,0.0028,0.0332,0.0227
A90-B6,A90,B6,0.3049,0.0169,0.0172,,1.017,1.03,0.312,,WGS-only,False,0.0029,0.0235,0.0171
A96-B132,A96,B132,0.3068,0.0256,0.026,,1.017,1.03,0.3097,,WGS-only,False,0.0027,0.0014,0.0257
A81-B91,A81,B91,0.2522,0.0436,0.0443,,1.017,1.03,0.2574,,WGS-only,False,0.0022,0.0435,0.0437
A68-B117,A68,B117,0.246,0.0769,,0.0782,1.016,,,0.2523,amplicon-B4-only,True,0.0014,0.0026,0.0769
A63-B122,A63,B122,0.3096,0.0265,0.027,,1.016,1.03,0.3163,,WGS-only,False,0.0027,0.0027,0.0266
A83-B40,A83,B40,0.3445,0.0059,0.006,,1.016,1.03,0.3428,,WGS-only,False,0.0207,0.006,0.0215
A83-B42,A83,B42,0.4527,0.0099,0.01,,1.016,1.03,0.4497,,WGS-only,False,0.012,0.02,0.0156
A90-B102,A90,B102,0.2948,0.0595,0.0605,,1.016,1.03,0.2955,,WGS-only,False,0.0019,0.0016,0.0595
A90-B123,A90,B123,0.3265,0.0194,0.0197,,1.016,1.03,0.3284,,WGS-only,False,0.0073,0.0024,0.0207
A185-B26,A185,B26,0.3397,0.0097,0.0098,,1.016,1.03,0.3402,,WGS-only,False,0.0049,0.004,0.0109
A153-B137,A153,B137,0.3047,0.0096,0.0097,,1.016,1.03,0.3053,,WGS-only,False,0.0049,0.0214,0.0108
A20-B11,A20,B11,0.246,0.0769,,0.0782,1.016,,,0.2523,amplicon-B4-only,True,0.0014,0.0026,0.0769
A90-B3,A90,B3,0.3149,0.01,0.0102,,1.016,1.03,0.3143,,WGS-only,False,0.0244,0.0111,0.0264
A78-B30,A78,B30,0.3805,0.0062,0.0063,,1.015,1.03,0.3749,,WGS-only,False,0.0413,0.0044,0.0418
A176-B6,A176,B6,0.2727,0.0461,0.0468,,1.015,1.03,0.2727,,WGS-only,False,0.003,0.0392,0.0462
A81-B41,A81,B41,0.2799,0.0347,0.0352,,1.015,1.03,0.2806,,WGS-only,False,0.0124,0.0183,0.0368
A196-B152,A196,B152,0.2327,0.0544,0.0551,,1.014,1.03,0.2368,,WGS-only,False,0.0019,0.0594,0.0544
A196-B145,A196,B145,0.3143,0.0162,0.0164,,1.014,1.03,0.3147,,WGS-only,False,0.0033,0.0194,0.0165
A186-B147,A186,B147,0.2377,0.048,0.0487,,1.014,1.03,0.2424,,WGS-only,False,0.0021,0.0588,0.048
A83-B120,A83,B120,0.3063,0.0342,0.0346,,1.014,1.03,0.3064,,WGS-only,False,0.0029,0.0064,0.0343
A81-B117,A81,B117,0.3246,0.0127,0.0129,,1.014,1.03,0.3315,,WGS-only,False,0.0172,0.01,0.0214
A78-B159,A78,B159,0.3119,0.0218,0.0221,,1.014,1.03,0.3189,,WGS-only,False,0.0028,0.0083,0.022
A78-B75,A78,B75,0.2499,0.0211,0.0214,,1.013,1.03,0.2483,,WGS-only,False,0.0097,0.0544,0.0232
A16-B3,A16,B3,0.2197,0.0641,0.065,,1.013,1.03,0.2228,,WGS-only,False,0.0016,0.0484,0.0641
A186-B13,A186,B13,0.2197,0.0641,0.065,,1.013,1.03,0.2228,,WGS-only,False,0.0016,0.0484,0.0641
A83-B18,A83,B18,0.271,0.0502,0.0509,,1.013,1.03,0.2709,,WGS-only,False,0.0027,0.0305,0.0503
A153-B117,A153,B117,0.271,0.0502,0.0509,,1.013,1.03,0.2709,,WGS-only,False,0.0027,0.0305,0.0503
A159-B69,A159,B69,0.2197,0.0641,0.065,,1.013,1.03,0.2228,,WGS-only,False,0.0016,0.0484,0.0641
A196-B103,A196,B103,0.2622,0.0411,0.0416,,1.013,1.03,0.2619,,WGS-only,False,0.003,0.053,0.0412
A78-B79,A78,B79,0.4241,0.0073,0.0074,,1.012,1.02,0.4184,,WGS-only,False,0.0518,0.0204,0.0523
A196-B174,A196,B174,0.2467,0.0336,0.034,,1.012,1.02,0.2461,,WGS-only,False,0.0031,0.0638,0.0337
A90-B117,A90,B117,0.1998,0.062,0.0628,,1.012,1.02,0.2031,,WGS-only,False,0.0017,0.0615,0.062
A16-B4,A16,B4,0.1842,0.0606,0.0614,,1.012,1.02,0.1876,,WGS-only,False,0.0017,0.0717,0.0606
A16-B51,A16,B51,0.2435,0.0395,0.04,,1.011,1.02,0.2428,,WGS-only,False,0.0028,0.0727,0.0396
A196-B70,A196,B70,0.2573,0.0442,0.0447,,1.011,1.02,0.257,,WGS-only,False,0.0028,0.055,0.0443
A196-B38,A196,B38,0.2783,0.0098,0.0099,,1.011,1.02,0.2775,,WGS-only,False,0.006,0.0378,0.0115
A16-B117,A16,B117,0.2439,0.0248,0.025,,1.01,1.02,0.2462,,WGS-only,False,0.0248,0.0416,0.0351
A96-B26,A96,B26,0.336,0.0121,0.0122,,1.01,1.02,0.3394,,WGS-only,False,0.0112,0.0096,0.0165
A81-B165,A81,B165,0.2046,0.0605,0.0611,,1.009,1.02,0.2069,,WGS-only,False,0.0138,0.0531,0.0621
A176-B151,A176,B151,0.2204,0.0501,0.0506,,1.009,1.02,0.2171,,WGS-only,False,0.0026,0.0739,0.0502
A81-B137,A81,B137,0.307,0.0138,0.0139,0.0814,1.009,1.02,0.3144,0.2663,both-deep,True,0.009,0.0083,0.0165
A20-B6,A20,B6,0.2648,0.0106,0.0107,,1.009,1.02,0.264,,WGS-only,False,0.006,0.044,0.0122
A143-B6,A143,B6,0.232,0.0484,0.0488,,1.008,1.02,0.2294,,WGS-only,False,0.0139,0.0464,0.0504
A152-B171,A152,B171,0.2642,0.0632,0.0637,,1.008,1.02,0.2639,,WGS-only,False,0.0019,0.0356,0.0632
A81-B100,A81,B100,0.2242,0.0379,0.0382,,1.008,1.02,0.2219,,WGS-only,False,0.0024,0.0888,0.038
A196-B98,A196,B98,0.2171,0.047,0.0473,,1.008,1.02,0.2161,,WGS-only,False,0.0023,0.076,0.0471
A196-B119,A196,B119,0.2752,0.0119,0.012,,1.008,1.02,0.2744,,WGS-only,False,0.0086,0.0385,0.0147
A196-B84,A196,B84,0.2528,0.0113,0.0114,,1.008,1.02,0.2521,,WGS-only,False,0.006,0.0481,0.0128
A78-B47,A78,B47,0.3035,0.0245,0.0247,,1.007,1.01,0.308,,WGS-only,False,0.0059,0.003,0.0252
A152-B154,A152,B154,0.2833,0.0166,0.0167,,1.007,1.01,0.2838,,WGS-only,False,0.0265,0.0308,0.0313
A83-B101,A83,B101,0.327,0.0139,0.014,,1.007,1.01,0.3261,,WGS-only,False,0.0096,0.0009,0.0169
A63-B18,A63,B18,0.2931,0.0335,0.0337,,1.006,1.01,0.2939,,WGS-only,False,0.003,0.0164,0.0336
A20-B95,A20,B95,0.33,0.0159,0.016,,1.006,1.01,0.3305,,WGS-only,False,0.0048,0.0024,0.0166
A81-B130,A81,B130,0.3269,0.0263,0.0264,,1.005,1.01,0.3265,,WGS-only,False,0.0055,0.0205,0.0269
A81-B38,A81,B38,0.2568,0.0714,0.0718,,1.005,1.01,0.2567,,WGS-only,False,0.0015,0.0144,0.0714
A81-B145,A81,B145,0.2708,0.0141,0.0141,,1.005,1.01,0.2699,,WGS-only,False,0.01,0.0454,0.0173
A20-B103,A20,B103,0.246,0.0685,0.0688,,1.005,1.01,0.2444,,WGS-only,False,0.0018,0.0199,0.0685
A63-B40,A63,B40,0.3163,0.017,0.0171,,1.005,1.01,0.3168,,WGS-only,False,0.0048,0.0159,0.0177
A20-B151,A20,B151,0.3333,0.0105,0.0106,,1.005,1.01,0.3344,,WGS-only,False,0.0211,0.0054,0.0236
A81-B101,A81,B101,0.2956,0.0169,0.017,,1.005,1.01,0.2961,,WGS-only,False,0.0047,0.0279,0.0175
A78-B51,A78,B51,0.246,0.0685,0.0688,,1.005,1.01,0.2444,,WGS-only,False,0.0018,0.0199,0.0685
A186-B165,A186,B165,0.1982,0.0486,0.0488,,1.004,1.01,0.199,,WGS-only,False,0.0022,0.0937,0.0486
A90-B108,A90,B108,0.359,0.0108,0.0109,,1.004,1.01,0.36,,WGS-only,False,0.005,0.0036,0.0119
A152-B32,A152,B32,0.1992,0.0598,0.0601,,1.004,1.01,0.1981,,WGS-only,False,0.0017,0.0926,0.0598
A78-B101,A78,B101,0.2654,0.02,0.0201,,1.004,1.01,0.2646,,WGS-only,False,0.0145,0.0312,0.0247
A186-B137,A186,B137,0.2492,0.0746,0.0748,,1.003,1.01,0.2488,,WGS-only,False,0.0012,0.0167,0.0746
A143-B123,A143,B123,0.2228,0.0563,0.0565,,1.003,1.01,0.2208,,WGS-only,False,0.0019,0.06,0.0563
A90-B11,A90,B11,0.1958,0.0682,0.0684,,1.003,1.01,0.1948,,WGS-only,False,0.0013,0.06,0.0682
A196-B165,A196,B165,0.2492,0.0746,0.0748,,1.003,1.01,0.2488,,WGS-only,False,0.0012,0.0167,0.0746
A81-B61,A81,B61,0.2803,0.022,0.0221,,1.003,1.01,0.2808,,WGS-only,False,0.0045,0.034,0.0225
A16-B101,A16,B101,0.2492,0.0746,0.0748,,1.003,1.01,0.2488,,WGS-only,False,0.0012,0.0167,0.0746
A16-B12,A16,B12,0.2492,0.0746,0.0748,,1.003,1.01,0.2488,,WGS-only,False,0.0012,0.0167,0.0746
A81-B70,A81,B70,0.1958,0.0682,0.0684,,1.003,1.01,0.1948,,WGS-only,False,0.0013,0.06,0.0682
A83-B130,A83,B130,0.2187,0.0707,0.0709,,1.003,1.01,0.218,,WGS-only,False,0.0013,0.0428,0.0707
A83-B104,A83,B104,0.3512,0.0259,0.026,,1.003,1.01,0.3518,,WGS-only,False,0.0045,0.0228,0.0263
A152-B15,A152,B15,0.1958,0.0682,0.0684,,1.003,1.01,0.1948,,WGS-only,False,0.0013,0.06,0.0682
A196-B150,A196,B150,0.2853,0.016,0.0349,0.016,1.003,4.77,0.2136,0.3327,both-deep,True,0.007,0.039,0.0175
A96-B3,A96,B3,0.3512,0.0259,0.026,,1.003,1.01,0.3518,,WGS-only,False,0.0045,0.0228,0.0263
A96-B101,A96,B101,0.2187,0.0707,0.0709,,1.003,1.01,0.218,,WGS-only,False,0.0013,0.0428,0.0707
A16-B75,A16,B75,0.2187,0.0707,0.0709,,1.003,1.01,0.218,,WGS-only,False,0.0013,0.0428,0.0707
A78-B143,A78,B143,0.2492,0.0746,0.0748,,1.003,1.01,0.2488,,WGS-only,False,0.0012,0.0167,0.0746
A63-B2,A63,B2,0.2187,0.0707,0.0709,,1.003,1.01,0.218,,WGS-only,False,0.0013,0.0428,0.0707
A32-B151,A32,B151,0.3019,0.0524,0.0526,,1.003,1.01,0.3028,,WGS-only,False,0.0029,0.0132,0.0525
A28-B151,A28,B151,0.3019,0.0524,0.0526,,1.003,1.01,0.3028,,WGS-only,False,0.0029,0.0132,0.0525
A153-B84,A153,B84,0.1877,0.0543,0.0544,,1.002,1.0,0.1853,,WGS-only,False,0.002,0.098,0.0543
A97-B155,A97,B155,0.3451,0.0262,0.0262,,1.002,1.0,0.3457,,WGS-only,False,0.003,0.018,0.0264
A169-B27,A169,B27,0.2411,0.0689,0.069,,1.002,1.0,0.2395,,WGS-only,False,0.0015,0.0197,0.0689
A96-B77,A96,B77,0.2677,0.0716,0.0718,,1.002,1.0,0.2684,,WGS-only,False,0.0016,0.02,0.0716
A89-B27,A89,B27,0.2411,0.0689,0.069,,1.002,1.0,0.2395,,WGS-only,False,0.0015,0.0197,0.0689
A83-B70,A83,B70,0.2788,0.0372,0.0373,,1.002,1.0,0.2793,,WGS-only,False,0.0041,0.0172,0.0374
A143-B137,A143,B137,0.2663,0.0174,0.0174,,1.002,1.0,0.2656,,WGS-only,False,0.0059,0.0419,0.0184
A82-B108,A82,B108,0.2425,0.0689,0.069,,1.002,1.0,0.2431,,WGS-only,False,0.0019,0.0472,0.0689
A196-B52,A196,B52,0.2691,0.0144,0.0144,,1.002,1.0,0.2708,,WGS-only,False,0.0054,0.0439,0.0154
A176-B177,A176,B177,0.2897,0.0515,0.0516,,1.002,1.0,0.2901,,WGS-only,False,0.0035,0.0142,0.0516
A153-B151,A153,B151,0.1923,0.0524,0.0526,,1.002,1.0,0.1897,,WGS-only,False,0.0269,0.0685,0.0589
A81-B143,A81,B143,0.2167,0.066,0.0662,,1.002,1.0,0.2142,,WGS-only,False,0.0019,0.0476,0.066
A81-B156,A81,B156,0.2167,0.066,0.0662,,1.002,1.0,0.2142,,WGS-only,False,0.0019,0.0476,0.066
A153-B27,A153,B27,0.2411,0.0689,0.069,,1.002,1.0,0.2395,,WGS-only,False,0.0015,0.0197,0.0689
A153-B55,A153,B55,0.2808,0.0403,0.0404,,1.002,1.0,0.2813,,WGS-only,False,0.004,0.0246,0.0405
A78-B18,A78,B18,0.1914,0.0562,0.0563,,1.002,1.0,0.1895,,WGS-only,False,0.0247,0.0853,0.0614
A153-B26,A153,B26,0.2656,0.0439,0.044,,1.001,1.0,0.2646,,WGS-only,False,0.0095,0.0164,0.0449
A90-B150,A90,B150,0.3439,0.0245,0.0246,,1.001,1.0,0.3442,,WGS-only,False,0.0236,0.0223,0.034
A83-B103,A83,B103,0.2101,0.065,0.0651,,1.001,1.0,0.2082,,WGS-only,False,0.0016,0.0465,0.065
A81-B87,A81,B87,0.2579,0.0189,0.0189,,1.001,1.0,0.2573,,WGS-only,False,0.0121,0.0464,0.0224
A84-B174,A84,B174,0.3556,0.0264,0.0264,,1.001,1.0,0.3574,,WGS-only,False,0.0023,0.034,0.0265
A16-B161,A16,B161,0.2197,0.0701,0.0701,,1.001,1.0,0.2201,,WGS-only,False,0.0023,0.0353,0.0701
A63-B79,A63,B79,0.2209,0.0355,0.0355,,1.001,1.0,0.2202,,WGS-only,False,0.0081,0.0734,0.0364
A89-B174,A89,B174,0.3556,0.0264,0.0264,,1.001,1.0,0.3574,,WGS-only,False,0.0023,0.034,0.0265
A90-B2,A90,B2,0.2197,0.0701,0.0701,,1.001,1.0,0.2201,,WGS-only,False,0.0023,0.0353,0.0701
A196-B46,A196,B46,0.2643,0.021,0.021,,1.0,1.0,0.2637,,WGS-only,False,0.0058,0.0439,0.0218
A16-B145,A16,B145,0.2393,0.0233,0.0234,,1.0,1.0,0.2387,,WGS-only,False,0.0056,0.0602,0.024
A176-B103,A176,B103,0.2404,0.0544,0.0544,,1.0,1.0,0.2401,,WGS-only,False,0.007,0.0261,0.0548
A97-B6,A97,B6,0.3722,0.0258,0.0258,,1.0,1.0,0.3749,,WGS-only,False,0.003,0.0467,0.026
A143-B13,A143,B13,0.2116,0.0484,0.0484,,0.999,1.0,0.2114,,WGS-only,False,0.0045,0.0723,0.0486
A196-B164,A196,B164,0.3472,0.026,0.026,,0.999,1.0,0.3539,,WGS-only,False,0.0027,0.0305,0.0261
A81-B123,A81,B123,0.2263,0.0315,0.0315,,0.999,1.0,0.2236,,WGS-only,False,0.0057,0.0905,0.032
A196-B55,A196,B55,0.3472,0.026,0.026,,0.999,1.0,0.3539,,WGS-only,False,0.0027,0.0305,0.0261
A83-B134,A83,B134,0.3472,0.026,0.026,,0.999,1.0,0.3539,,WGS-only,False,0.0027,0.0305,0.0261
A83-B6,A83,B6,0.3472,0.026,0.026,,0.999,1.0,0.3539,,WGS-only,False,0.0027,0.0305,0.0261
A186-B70,A186,B70,0.1582,0.0596,0.0595,,0.999,1.0,0.1581,,WGS-only,False,0.0037,0.0586,0.0597
A20-B13,A20,B13,0.1972,0.0629,0.0628,,0.998,1.0,0.1972,,WGS-only,False,0.0034,0.0467,0.063
A152-B47,A152,B47,0.2404,0.0367,0.0366,,0.998,1.0,0.24,,WGS-only,False,0.0051,0.046,0.0371
A78-B59,A78,B59,0.3301,0.0454,0.0453,,0.998,1.0,0.3277,,WGS-only,False,0.0105,0.0237,0.0466
A186-B84,A186,B84,0.208,0.0542,0.0541,,0.998,1.0,0.2078,,WGS-only,False,0.0041,0.063,0.0544
A186-B117,A186,B117,0.269,0.0277,0.0277,,0.998,1.0,0.2684,,WGS-only,False,0.0055,0.0381,0.0282
A90-B52,A90,B52,0.1972,0.0629,0.0628,,0.998,1.0,0.1972,,WGS-only,False,0.0034,0.0467,0.063
A20-B165,A20,B165,0.2027,0.0537,0.0535,,0.997,0.99,0.2004,,WGS-only,False,0.0044,0.1034,0.0539
A90-B99,A90,B99,0.2298,0.0723,0.0721,,0.997,0.99,0.2284,,WGS-only,False,0.0061,0.0637,0.0726
A90-B61,A90,B61,0.2873,0.0835,0.0832,,0.997,0.99,0.2864,,WGS-only,False,0.0034,0.0123,0.0836
A63-B103,A63,B103,0.2278,0.0655,0.0653,,0.997,0.99,0.2279,,WGS-only,False,0.0032,0.0187,0.0656
A96-B84,A96,B84,0.2873,0.0835,0.0832,,0.997,0.99,0.2864,,WGS-only,False,0.0034,0.0123,0.0836
A20-B157,A20,B157,0.2002,0.0679,0.0677,,0.997,0.99,0.198,,WGS-only,False,0.0031,0.0709,0.068
A66-B30,A66,B30,0.2873,0.0835,0.0832,,0.997,0.99,0.2864,,WGS-only,False,0.0034,0.0123,0.0836
A176-B34,A176,B34,0.2873,0.0835,0.0832,,0.997,0.99,0.2864,,WGS-only,False,0.0034,0.0123,0.0836
A196-B40,A196,B40,0.2878,0.0347,0.0346,,0.997,0.99,0.2873,,WGS-only,False,0.0052,0.0014,0.0351
A153-B171,A153,B171,0.2873,0.0835,0.0832,,0.997,0.99,0.2864,,WGS-only,False,0.0034,0.0123,0.0836
A176-B27,A176,B27,0.2504,0.0437,0.0435,,0.997,0.99,0.2477,,WGS-only,False,0.0049,0.0708,0.044
A186-B62,A186,B62,0.2878,0.0347,0.0346,,0.997,0.99,0.2873,,WGS-only,False,0.0052,0.0014,0.0351
A186-B63,A186,B63,0.2278,0.0655,0.0653,,0.997,0.99,0.2279,,WGS-only,False,0.0032,0.0187,0.0656
A152-B102,A152,B102,0.2228,0.0704,0.0702,,0.997,0.99,0.2206,,WGS-only,False,0.0028,0.0518,0.0705
A81-B59,A81,B59,0.2873,0.0835,0.0832,,0.997,0.99,0.2864,,WGS-only,False,0.0034,0.0123,0.0836
A186-B151,A186,B151,0.2873,0.0835,0.0832,,0.997,0.99,0.2864,,WGS-only,False,0.0034,0.0123,0.0836
A186-B74,A186,B74,0.2873,0.0835,0.0832,,0.997,0.99,0.2864,,WGS-only,False,0.0034,0.0123,0.0836
A16-B140,A16,B140,0.2595,0.036,0.0359,,0.996,0.99,0.2591,,WGS-only,False,0.0051,0.0365,0.0364
A65-B161,A65,B161,0.2531,0.0746,0.0743,,0.996,0.99,0.251,,WGS-only,False,0.0023,0.0227,0.0746
A20-B144,A20,B144,0.2531,0.0746,0.0743,,0.996,0.99,0.251,,WGS-only,False,0.0023,0.0227,0.0746
A160-B27,A160,B27,0.2531,0.0746,0.0743,,0.996,0.99,0.251,,WGS-only,False,0.0023,0.0227,0.0746
A78-B158,A78,B158,0.2531,0.0746,0.0743,,0.996,0.99,0.251,,WGS-only,False,0.0023,0.0227,0.0746
A91-B101,A91,B101,0.2531,0.0746,0.0743,,0.996,0.99,0.251,,WGS-only,False,0.0023,0.0227,0.0746
A185-B30,A185,B30,0.3422,0.0756,0.0752,,0.996,0.99,0.3409,,WGS-only,False,0.0053,0.0131,0.0758
A90-B38,A90,B38,0.2601,0.0515,0.0512,,0.995,0.99,0.2599,,WGS-only,False,0.0042,0.0179,0.0517
A63-B171,A63,B171,0.2751,0.0508,0.0505,,0.995,0.99,0.2724,,WGS-only,False,0.0043,0.0524,0.051
A176-B138,A176,B138,0.2601,0.0515,0.0512,,0.995,0.99,0.2599,,WGS-only,False,0.0042,0.0179,0.0517
A186-B145,A186,B145,0.2601,0.0515,0.0512,,0.995,0.99,0.2599,,WGS-only,False,0.0042,0.0179,0.0517
A90-B136,A90,B136,0.2684,0.0634,0.0631,,0.995,0.99,0.2659,,WGS-only,False,0.0033,0.052,0.0635
A186-B2,A186,B2,0.278,0.0436,0.0433,,0.994,0.99,0.2751,,WGS-only,False,0.0048,0.0556,0.0439
A81-B26,A81,B26,0.342,0.0123,0.0122,,0.991,0.98,0.337,,WGS-only,False,0.0055,0.0212,0.0135
A83-B26,A83,B26,0.4042,0.05,0.0495,,0.991,0.98,0.4019,,WGS-only,False,0.0093,0.0561,0.0509
A143-B151,A143,B151,0.2949,0.0508,0.0503,,0.99,0.98,0.2919,,WGS-only,False,0.0042,0.0272,0.051
A159-B128,A159,B128,0.2974,0.0566,0.056,,0.989,0.98,0.2945,,WGS-only,False,0.0037,0.0158,0.0567
A81-B103,A81,B103,0.3018,0.0655,0.0647,,0.988,0.98,0.299,,WGS-only,False,0.003,0.0228,0.0656
A63-B147,A63,B147,0.2415,0.0539,0.0532,0.0703,0.988,0.98,0.25,0.2726,both-deep,True,0.0088,0.0074,0.0546
A20-B75,A20,B75,0.3018,0.0655,0.0647,,0.988,0.98,0.299,,WGS-only,False,0.003,0.0228,0.0656
A78-B122,A78,B122,0.3306,0.0159,0.0157,,0.985,0.97,0.326,,WGS-only,False,0.0055,0.03,0.0168
A186-B126,A186,B126,0.3523,0.0303,0.0298,,0.984,0.97,0.3473,,WGS-only,False,0.0049,0.0233,0.0307
A153-B127,A153,B127,0.3462,0.0425,0.0415,,0.978,0.96,0.3417,,WGS-only,False,0.0044,0.0211,0.0427
A78-B103,A78,B103,0.2792,0.0451,0.0667,0.0437,0.97,2.19,0.2408,0.3154,both-deep,True,0.0072,0.0137,0.0457
A63-B151,A63,B151,0.2681,0.0171,0.0394,0.0164,0.96,5.3,0.17,0.3394,both-deep,True,0.0142,0.0441,0.0222
A90-B59,A90,B59,0.2282,0.0389,0.0372,0.0564,0.957,0.92,0.2611,0.2158,both-deep,True,0.0115,0.07,0.0406
A162-B137,A162,B137,0.269,0.0423,0.0404,0.0703,0.955,0.91,0.2813,0.2726,both-deep,True,0.0038,0.0211,0.0425
A96-B47,A96,B47,0.3112,0.0693,0.0596,,0.86,0.74,0.2965,,WGS-only,False,0.0018,0.2525,0.0693
A159-B49,A159,B49,0.2868,0.0316,0.0262,0.0642,0.831,0.69,0.3074,0.2296,both-deep,True,0.0209,0.0116,0.0379
A81-B171,A81,B171,0.2912,0.0303,0.0513,0.0245,0.81,2.86,0.204,0.3389,both-deep,True,0.0085,0.0248,0.0315
