Candidate,verA,verB,r_counts_only_per_h,se_counts_only
A83-B42,A83,B42,0.4497,0.01
A78-B79,A78,B79,0.4184,0.0074
A83-B26,A83,B26,0.4019,0.0495
A81-B12,A81,B12,0.386,0.0214
A138-B79,A138,B79,0.377,0.0257
A97-B6,A97,B6,0.3749,0.0258
A78-B30,A78,B30,0.3749,0.0063
A81-B8,A81,B8,0.3736,0.0071
A196-B4,A196,B4,0.3715,0.0068
A81-B6,A81,B6,0.362,0.0059
A90-B108,A90,B108,0.36,0.0109
A186-B79,A186,B79,0.3596,0.0095
A81-B174,A81,B174,0.3588,0.0063
A89-B174,A89,B174,0.3574,0.0264
A84-B174,A84,B174,0.3574,0.0264
A81-B151,A81,B151,0.3554,0.0066
A83-B6,A83,B6,0.3539,0.026
A83-B134,A83,B134,0.3539,0.026
A196-B55,A196,B55,0.3539,0.026
A196-B164,A196,B164,0.3539,0.026
A83-B104,A83,B104,0.3518,0.026
A96-B3,A96,B3,0.3518,0.026
A78-B26,A78,B26,0.3508,0.0065
A186-B126,A186,B126,0.3473,0.0298
A186-B78,A186,B78,0.3468,0.0217
A97-B155,A97,B155,0.3457,0.0262
A78-B117,A78,B117,0.3457,0.0065
A90-B150,A90,B150,0.3442,0.0246
A153-B6,A153,B6,0.343,0.0067
A83-B40,A83,B40,0.3428,0.006
A81-B47,A81,B47,0.3422,0.0209
A153-B77,A153,B77,0.3418,0.0061
A153-B127,A153,B127,0.3417,0.0415
A81-B51,A81,B51,0.3414,0.0059
A185-B30,A185,B30,0.3409,0.0752
A185-B26,A185,B26,0.3402,0.0098
A96-B26,A96,B26,0.3393,0.0122
A143-B84,A143,B84,0.3389,0.0096
A78-B3,A78,B3,0.338,0.0058
A83-B138,A83,B138,0.3377,0.0115
A81-B26,A81,B26,0.337,0.0122
A63-B6,A63,B6,0.3363,0.0076
A63-B145,A63,B145,0.3352,0.0384
A79-B77,A79,B77,0.3352,0.0384
A176-B120,A176,B120,0.335,0.012
A20-B151,A20,B151,0.3344,0.0106
A96-B6,A96,B6,0.3337,0.0399
A63-B26,A63,B26,0.3337,0.0399
A90-B18,A90,B18,0.3317,0.0131
A81-B117,A81,B117,0.3315,0.0129
A20-B95,A20,B95,0.3305,0.016
A20-B66,A20,B66,0.3288,0.0119
A78-B77,A78,B77,0.3288,0.0106
A90-B123,A90,B123,0.3284,0.0197
A78-B59,A78,B59,0.3277,0.0453
A81-B130,A81,B130,0.3265,0.0264
A83-B101,A83,B101,0.3261,0.014
A78-B122,A78,B122,0.326,0.0157
A196-B168,A196,B168,0.326,0.0061
A81-B30,A81,B30,0.3251,0.0059
A78-B137,A78,B137,0.3245,0.0071
A176-B30,A176,B30,0.3242,0.0104
A90-B26,A90,B26,0.3241,0.0121
A78-B2,A78,B2,0.322,0.009
A196-B2,A196,B2,0.3219,0.0083
A83-B84,A83,B84,0.3205,0.01
A78-B159,A78,B159,0.3189,0.0221
A81-B132,A81,B132,0.318,0.0121
A81-B2,A81,B2,0.3172,0.0067
A16-B137,A16,B137,0.317,0.0112
A196-B6,A196,B6,0.3169,0.0149
A63-B40,A63,B40,0.3168,0.0171
A196-B59,A196,B59,0.3165,0.021
A63-B122,A63,B122,0.3163,0.027
A15-B117,A15,B117,0.3148,0.0357
A20-B69,A20,B69,0.3148,0.0357
A176-B18,A176,B18,0.3148,0.0357
A196-B145,A196,B145,0.3147,0.0164
A81-B137,A81,B137,0.3144,0.0139
A90-B3,A90,B3,0.3143,0.0102
A176-B154,A176,B154,0.3141,0.0386
A38-B128,A38,B128,0.3141,0.0386
A196-B139,A196,B139,0.3141,0.0386
A97-B174,A97,B174,0.3141,0.0386
A90-B103,A90,B103,0.3141,0.0386
A113-B174,A113,B174,0.3141,0.0386
A196-B87,A196,B87,0.3133,0.0069
A20-B71,A20,B71,0.3128,0.0152
A90-B6,A90,B6,0.312,0.0172
A196-B51,A196,B51,0.3117,0.0097
A196-B117,A196,B117,0.3105,0.0133
A16-B154,A16,B154,0.3105,0.018
A96-B132,A96,B132,0.3097,0.026
A81-B120,A81,B120,0.3095,0.0102
A186-B26,A186,B26,0.3087,0.0131
A153-B30,A153,B30,0.3084,0.0065
A78-B47,A78,B47,0.308,0.0247
A159-B49,A159,B49,0.3074,0.0262
A196-B18,A196,B18,0.3065,0.0169
A83-B120,A83,B120,0.3064,0.0346
A21-B6,A21,B6,0.3062,0.0107
A153-B137,A153,B137,0.3053,0.0097
A186-B3,A186,B3,0.3046,0.0133
A81-B84,A81,B84,0.304,0.0104
A78-B40,A78,B40,0.3035,0.0229
A32-B151,A32,B151,0.3028,0.0526
A196-B79,A196,B79,0.3028,0.0099
A28-B151,A28,B151,0.3028,0.0526
A83-B151,A83,B151,0.3025,0.0057
A78-B151,A78,B151,0.3011,0.0177
A96-B27,A96,B27,0.2998,0.021
A83-B137,A83,B137,0.2996,0.0345
A20-B75,A20,B75,0.299,0.0647
A81-B103,A81,B103,0.299,0.0647
A90-B70,A90,B70,0.297,0.0336
A96-B47,A96,B47,0.2965,0.0596
A81-B101,A81,B101,0.2961,0.017
A196-B8,A196,B8,0.2957,0.0495
A78-B144,A78,B144,0.2956,0.0638
A152-B2,A152,B2,0.2956,0.0638
A90-B102,A90,B102,0.2955,0.0605
A159-B128,A159,B128,0.2945,0.056
A63-B18,A63,B18,0.2939,0.0337
A90-B75,A90,B75,0.2927,0.0088
A143-B151,A143,B151,0.2919,0.0503
A153-B165,A153,B165,0.2919,0.0551
A196-B151,A196,B151,0.2915,0.0058
A176-B177,A176,B177,0.2901,0.0516
A196-B65,A196,B65,0.2898,0.0495
A81-B177,A81,B177,0.2887,0.0182
A196-B136,A196,B136,0.2884,0.016
A186-B62,A186,B62,0.2873,0.0346
A196-B40,A196,B40,0.2873,0.0346
A196-B147,A196,B147,0.2867,0.0398
A96-B84,A96,B84,0.2864,0.0832
A186-B74,A186,B74,0.2864,0.0832
A153-B171,A153,B171,0.2864,0.0832
A90-B61,A90,B61,0.2864,0.0832
A186-B151,A186,B151,0.2864,0.0832
A176-B34,A176,B34,0.2864,0.0832
A81-B59,A81,B59,0.2864,0.0832
A66-B30,A66,B30,0.2864,0.0832
A176-B59,A176,B59,0.2843,0.0545
A81-B11,A81,B11,0.2843,0.0545
A152-B27,A152,B27,0.2843,0.0545
A20-B101,A20,B101,0.2843,0.0545
A152-B154,A152,B154,0.2838,0.0167
A196-B171,A196,B171,0.2836,0.0127
A83-B50,A83,B50,0.2814,0.0253
A153-B55,A153,B55,0.2813,0.0404
A162-B137,A162,B137,0.2813,0.0404
A20-B70,A20,B70,0.2812,0.0351
A81-B61,A81,B61,0.2808,0.0221
A81-B41,A81,B41,0.2806,0.0352
A196-B27,A196,B27,0.2794,0.0176
A83-B70,A83,B70,0.2793,0.0373
A78-B42,A78,B42,0.2792,0.0527
A196-B34,A196,B34,0.2792,0.0527
A153-B101,A153,B101,0.2785,0.046
A196-B75,A196,B75,0.2782,0.0209
A12-B60,A12,B60,0.278,0.0469
A16-B65,A16,B65,0.278,0.0469
A193-B11,A193,B11,0.278,0.0585
A81-B140,A81,B140,0.2778,0.0314
A196-B38,A196,B38,0.2775,0.0099
A196-B11,A196,B11,0.2766,0.0095
A196-B85,A196,B85,0.2759,0.0299
A186-B2,A186,B2,0.2751,0.0433
A16-B79,A16,B79,0.2747,0.0421
A196-B119,A196,B119,0.2744,0.012
A81-B65,A81,B65,0.2741,0.034
A196-B132,A196,B132,0.2731,0.0236
A81-B66,A81,B66,0.2729,0.0317
A176-B6,A176,B6,0.2727,0.0468
A196-B9,A196,B9,0.2725,0.0261
A63-B171,A63,B171,0.2724,0.0505
A96-B75,A96,B75,0.272,0.0352
A96-B87,A96,B87,0.2717,0.0231
A83-B18,A83,B18,0.2709,0.0509
A153-B117,A153,B117,0.2709,0.0509
A196-B52,A196,B52,0.2708,0.0144
A81-B145,A81,B145,0.2699,0.0141
A81-B27,A81,B27,0.2693,0.0439
A143-B117,A143,B117,0.2687,0.036
A96-B77,A96,B77,0.2684,0.0718
A186-B117,A186,B117,0.2684,0.0277
A90-B155,A90,B155,0.2682,0.0335
A90-B136,A90,B136,0.2659,0.0631
A143-B137,A143,B137,0.2656,0.0174
A78-B101,A78,B101,0.2647,0.0201
A153-B26,A153,B26,0.2646,0.044
A20-B6,A20,B6,0.264,0.0107
A176-B101,A176,B101,0.2639,0.0637
A152-B171,A152,B171,0.2639,0.0637
A196-B46,A196,B46,0.2637,0.021
A81-B3,A81,B3,0.2632,0.0711
A20-B60,A20,B60,0.2632,0.0711
A78-B150,A78,B150,0.2632,0.0711
A90-B47,A90,B47,0.2624,0.0332
A196-B103,A196,B103,0.2619,0.0416
A81-B18,A81,B18,0.2611,0.0391
A90-B59,A90,B59,0.2611,0.0372
A20-B126,A20,B126,0.2606,0.0166
A186-B145,A186,B145,0.2599,0.0512
A176-B138,A176,B138,0.2599,0.0512
A90-B38,A90,B38,0.2599,0.0512
A16-B140,A16,B140,0.2591,0.0359
A90-B151,A90,B151,0.2587,0.0437
A20-B84,A20,B84,0.2579,0.0152
A81-B91,A81,B91,0.2574,0.0443
A81-B87,A81,B87,0.2573,0.0189
A90-B120,A90,B120,0.2572,0.0388
A196-B70,A196,B70,0.257,0.0447
A196-B123,A196,B123,0.2569,0.0134
A81-B38,A81,B38,0.2567,0.0718
A196-B15,A196,B15,0.2541,0.019
A90-B171,A90,B171,0.2528,0.0491
A81-B127,A81,B127,0.2521,0.026
A196-B84,A196,B84,0.2521,0.0114
A91-B101,A91,B101,0.251,0.0743
A78-B158,A78,B158,0.251,0.0743
A65-B161,A65,B161,0.251,0.0743
A160-B27,A160,B27,0.251,0.0743
A20-B144,A20,B144,0.251,0.0743
A78-B70,A78,B70,0.2506,0.041
A96-B12,A96,B12,0.2505,0.0684
A20-B34,A20,B34,0.2505,0.0684
A196-B93,A196,B93,0.2505,0.0684
A63-B147,A63,B147,0.25,0.0532
A78-B143,A78,B143,0.2488,0.0748
A16-B101,A16,B101,0.2488,0.0748
A16-B12,A16,B12,0.2488,0.0748
A186-B137,A186,B137,0.2488,0.0748
A196-B165,A196,B165,0.2488,0.0748
A152-B9,A152,B9,0.2488,0.0748
A78-B75,A78,B75,0.2483,0.0214
A176-B27,A176,B27,0.2477,0.0435
A16-B117,A16,B117,0.2462,0.025
A196-B174,A196,B174,0.2461,0.034
A96-B140,A96,B140,0.2457,0.043
A63-B117,A63,B117,0.2457,0.0339
A78-B51,A78,B51,0.2444,0.0688
A20-B103,A20,B103,0.2444,0.0688
A82-B108,A82,B108,0.2431,0.069
A16-B51,A16,B51,0.2428,0.04
A186-B147,A186,B147,0.2424,0.0487
A78-B103,A78,B103,0.2408,0.0667
A196-B30,A196,B30,0.2408,0.0667
A96-B79,A96,B79,0.2407,0.0222
A81-B42,A81,B42,0.2407,0.0699
A176-B103,A176,B103,0.2401,0.0544
A152-B47,A152,B47,0.24,0.0366
A153-B27,A153,B27,0.2395,0.069
A89-B27,A89,B27,0.2395,0.069
A169-B27,A169,B27,0.2395,0.069
A186-B75,A186,B75,0.2394,0.0738
A16-B145,A16,B145,0.2387,0.0234
A196-B152,A196,B152,0.2368,0.0551
A143-B6,A143,B6,0.2294,0.0488
A90-B99,A90,B99,0.2284,0.0721
A63-B103,A63,B103,0.2279,0.0653
A186-B63,A186,B63,0.2279,0.0653
A78-B130,A78,B130,0.2279,0.0653
A152-B110,A152,B110,0.2249,0.0642
A81-B123,A81,B123,0.2236,0.0315
A159-B69,A159,B69,0.2228,0.065
A16-B3,A16,B3,0.2228,0.065
A186-B13,A186,B13,0.2228,0.065
A81-B100,A81,B100,0.2219,0.0382
A143-B123,A143,B123,0.2208,0.0565
A152-B102,A152,B102,0.2206,0.0702
A63-B79,A63,B79,0.2202,0.0355
A90-B2,A90,B2,0.2201,0.0701
A16-B161,A16,B161,0.2201,0.0701
A83-B130,A83,B130,0.218,0.0709
A16-B75,A16,B75,0.218,0.0709
A78-B155,A78,B155,0.218,0.0709
A63-B2,A63,B2,0.218,0.0709
A96-B101,A96,B101,0.218,0.0709
A143-B130,A143,B130,0.218,0.0709
A176-B151,A176,B151,0.2171,0.0506
A196-B98,A196,B98,0.2161,0.0473
A81-B143,A81,B143,0.2142,0.0662
A81-B156,A81,B156,0.2142,0.0662
A196-B150,A196,B150,0.2136,0.0349
A196-B122,A196,B122,0.2124,0.0626
A143-B13,A143,B13,0.2113,0.0484
A63-B75,A63,B75,0.2083,0.0495
A83-B103,A83,B103,0.2082,0.0651
A186-B84,A186,B84,0.2078,0.0541
A81-B165,A81,B165,0.2069,0.0611
A81-B75,A81,B75,0.2065,0.0263
A81-B171,A81,B171,0.204,0.0513
A90-B117,A90,B117,0.2031,0.0628
A20-B165,A20,B165,0.2004,0.0535
A186-B165,A186,B165,0.199,0.0488
A152-B32,A152,B32,0.1981,0.0601
A20-B157,A20,B157,0.198,0.0677
A20-B13,A20,B13,0.1972,0.0628
A90-B52,A90,B52,0.1972,0.0628
A152-B15,A152,B15,0.1948,0.0684
A81-B70,A81,B70,0.1948,0.0684
A90-B11,A90,B11,0.1948,0.0684
A81-B40,A81,B40,0.194,0.047
A78-B84,A78,B84,0.1928,0.0426
A152-B151,A152,B151,0.1898,0.0362
A153-B151,A153,B151,0.1897,0.0526
A78-B18,A78,B18,0.1895,0.0563
A16-B4,A16,B4,0.1876,0.0614
A90-B154,A90,B154,0.1859,0.0628
A153-B84,A153,B84,0.1853,0.0544
A63-B151,A63,B151,0.17,0.0394
A186-B70,A186,B70,0.1581,0.0595
A78-B171,A78,B171,0.1369,0.0389
