Sample,DNA_construct,Replicate,Microtiter_plate_well,Transfer,verA,verB,Candidate,Count,depth,freq
B4_M_bcfr,4MXB,bcfr,B4,3,A132,B117,A132-B117,1,3894,0.00025680534155110427
B4_M_bcfr,4MXB,bcfr,B4,3,A132,B171,A132-B171,1,3894,0.00025680534155110427
B4_M_bcfr,4MXB,bcfr,B4,3,A143,B145,A143-B145,1,3894,0.00025680534155110427
B4_M_bcfr,4MXB,bcfr,B4,3,A143,B77,A143-B77,1,3894,0.00025680534155110427
B4_M_bcfr,4MXB,bcfr,B4,3,A143,B84,A143-B84,375,3894,0.0963020030816641
B4_M_bcfr,4MXB,bcfr,B4,3,A147,B6,A147-B6,1,3894,0.00025680534155110427
B4_M_bcfr,4MXB,bcfr,B4,3,A15,B84,A15-B84,1,3894,0.00025680534155110427
B4_M_bcfr,4MXB,bcfr,B4,3,A152,B100,A152-B100,9,3894,0.0023112480739599386
B4_M_bcfr,4MXB,bcfr,B4,3,A152,B110,A152-B110,3,3894,0.0007704160246533128
B4_M_bcfr,4MXB,bcfr,B4,3,A152,B149,A152-B149,2,3894,0.0005136106831022085
B4_M_bcfr,4MXB,bcfr,B4,3,A152,B151,A152-B151,23,3894,0.005906522855675398
B4_M_bcfr,4MXB,bcfr,B4,3,A153,B30,A153-B30,49,3894,0.012583461736004109
B4_M_bcfr,4MXB,bcfr,B4,3,A153,B6,A153-B6,36,3894,0.009244992295839754
B4_M_bcfr,4MXB,bcfr,B4,3,A153,B8,A153-B8,1,3894,0.00025680534155110427
B4_M_bcfr,4MXB,bcfr,B4,3,A159,B24,A159-B24,2,3894,0.0005136106831022085
B4_M_bcfr,4MXB,bcfr,B4,3,A159,B49,A159-B49,5,3894,0.0012840267077555213
B4_M_bcfr,4MXB,bcfr,B4,3,A159,B77,A159-B77,9,3894,0.0023112480739599386
B4_M_bcfr,4MXB,bcfr,B4,3,A162,B137,A162-B137,3,3894,0.0007704160246533128
B4_M_bcfr,4MXB,bcfr,B4,3,A176,B120,A176-B120,1,3894,0.00025680534155110427
B4_M_bcfr,4MXB,bcfr,B4,3,A176,B132,A176-B132,1,3894,0.00025680534155110427
B4_M_bcfr,4MXB,bcfr,B4,3,A186,B115,A186-B115,1,3894,0.00025680534155110427
B4_M_bcfr,4MXB,bcfr,B4,3,A186,B143,A186-B143,2,3894,0.0005136106831022085
B4_M_bcfr,4MXB,bcfr,B4,3,A186,B30,A186-B30,5,3894,0.0012840267077555213
B4_M_bcfr,4MXB,bcfr,B4,3,A186,B75,A186-B75,1,3894,0.00025680534155110427
B4_M_bcfr,4MXB,bcfr,B4,3,A186,B79,A186-B79,16,3894,0.004108885464817668
B4_M_bcfr,4MXB,bcfr,B4,3,A191,B84,A191-B84,1,3894,0.00025680534155110427
B4_M_bcfr,4MXB,bcfr,B4,3,A196,B117,A196-B117,257,3894,0.0659989727786338
B4_M_bcfr,4MXB,bcfr,B4,3,A196,B120,A196-B120,1,3894,0.00025680534155110427
B4_M_bcfr,4MXB,bcfr,B4,3,A196,B122,A196-B122,10,3894,0.0025680534155110425
B4_M_bcfr,4MXB,bcfr,B4,3,A196,B123,A196-B123,4,3894,0.001027221366204417
B4_M_bcfr,4MXB,bcfr,B4,3,A196,B15,A196-B15,49,3894,0.012583461736004109
B4_M_bcfr,4MXB,bcfr,B4,3,A196,B150,A196-B150,13,3894,0.003338469440164355
B4_M_bcfr,4MXB,bcfr,B4,3,A196,B163,A196-B163,1,3894,0.00025680534155110427
B4_M_bcfr,4MXB,bcfr,B4,3,A196,B171,A196-B171,62,3894,0.015921931176168466
B4_M_bcfr,4MXB,bcfr,B4,3,A196,B19,A196-B19,1,3894,0.00025680534155110427
B4_M_bcfr,4MXB,bcfr,B4,3,A196,B2,A196-B2,38,3894,0.009758602978941962
B4_M_bcfr,4MXB,bcfr,B4,3,A196,B23,A196-B23,1,3894,0.00025680534155110427
B4_M_bcfr,4MXB,bcfr,B4,3,A196,B27,A196-B27,106,3894,0.027221366204417053
B4_M_bcfr,4MXB,bcfr,B4,3,A196,B30,A196-B30,13,3894,0.003338469440164355
B4_M_bcfr,4MXB,bcfr,B4,3,A196,B59,A196-B59,120,3894,0.030816640986132512
B4_M_bcfr,4MXB,bcfr,B4,3,A196,B6,A196-B6,2,3894,0.0005136106831022085
B4_M_bcfr,4MXB,bcfr,B4,3,A196,B75,A196-B75,2,3894,0.0005136106831022085
B4_M_bcfr,4MXB,bcfr,B4,3,A196,B8,A196-B8,12,3894,0.0030816640986132513
B4_M_bcfr,4MXB,bcfr,B4,3,A196,B85,A196-B85,2,3894,0.0005136106831022085
B4_M_bcfr,4MXB,bcfr,B4,3,A196,B86,A196-B86,2,3894,0.0005136106831022085
B4_M_bcfr,4MXB,bcfr,B4,3,A196,B87,A196-B87,276,3894,0.07087827426810478
B4_M_bcfr,4MXB,bcfr,B4,3,A20,B178,A20-B178,4,3894,0.001027221366204417
B4_M_bcfr,4MXB,bcfr,B4,3,A20,B30,A20-B30,6,3894,0.0015408320493066256
B4_M_bcfr,4MXB,bcfr,B4,3,A20,B8,A20-B8,1,3894,0.00025680534155110427
B4_M_bcfr,4MXB,bcfr,B4,3,A20,B84,A20-B84,3,3894,0.0007704160246533128
B4_M_bcfr,4MXB,bcfr,B4,3,A23,B151,A23-B151,1,3894,0.00025680534155110427
B4_M_bcfr,4MXB,bcfr,B4,3,A23,B87,A23-B87,1,3894,0.00025680534155110427
B4_M_bcfr,4MXB,bcfr,B4,3,A25,B30,A25-B30,1,3894,0.00025680534155110427
B4_M_bcfr,4MXB,bcfr,B4,3,A4,B171,A4-B171,1,3894,0.00025680534155110427
B4_M_bcfr,4MXB,bcfr,B4,3,A60,B151,A60-B151,1,3894,0.00025680534155110427
B4_M_bcfr,4MXB,bcfr,B4,3,A63,B147,A63-B147,1,3894,0.00025680534155110427
B4_M_bcfr,4MXB,bcfr,B4,3,A63,B151,A63-B151,14,3894,0.0035952747817154596
B4_M_bcfr,4MXB,bcfr,B4,3,A63,B23,A63-B23,1,3894,0.00025680534155110427
B4_M_bcfr,4MXB,bcfr,B4,3,A63,B75,A63-B75,1,3894,0.00025680534155110427
B4_M_bcfr,4MXB,bcfr,B4,3,A68,B27,A68-B27,1,3894,0.00025680534155110427
B4_M_bcfr,4MXB,bcfr,B4,3,A74,B23,A74-B23,1,3894,0.00025680534155110427
B4_M_bcfr,4MXB,bcfr,B4,3,A78,B103,A78-B103,1,3894,0.00025680534155110427
B4_M_bcfr,4MXB,bcfr,B4,3,A78,B137,A78-B137,230,3894,0.05906522855675398
B4_M_bcfr,4MXB,bcfr,B4,3,A78,B142,A78-B142,1,3894,0.00025680534155110427
B4_M_bcfr,4MXB,bcfr,B4,3,A78,B150,A78-B150,2,3894,0.0005136106831022085
B4_M_bcfr,4MXB,bcfr,B4,3,A78,B151,A78-B151,151,3894,0.03877760657421674
B4_M_bcfr,4MXB,bcfr,B4,3,A78,B171,A78-B171,3,3894,0.0007704160246533128
B4_M_bcfr,4MXB,bcfr,B4,3,A78,B23,A78-B23,1,3894,0.00025680534155110427
B4_M_bcfr,4MXB,bcfr,B4,3,A78,B26,A78-B26,7,3894,0.0017976373908577298
B4_M_bcfr,4MXB,bcfr,B4,3,A78,B70,A78-B70,10,3894,0.0025680534155110425
B4_M_bcfr,4MXB,bcfr,B4,3,A78,B77,A78-B77,475,3894,0.12198253723677452
B4_M_bcfr,4MXB,bcfr,B4,3,A78,B84,A78-B84,61,3894,0.01566512583461736
B4_M_bcfr,4MXB,bcfr,B4,3,A78,B9,A78-B9,1,3894,0.00025680534155110427
B4_M_bcfr,4MXB,bcfr,B4,3,A78,B93,A78-B93,1,3894,0.00025680534155110427
B4_M_bcfr,4MXB,bcfr,B4,3,A78,B97,A78-B97,1,3894,0.00025680534155110427
B4_M_bcfr,4MXB,bcfr,B4,3,A81,B12,A81-B12,3,3894,0.0007704160246533128
B4_M_bcfr,4MXB,bcfr,B4,3,A81,B132,A81-B132,78,3894,0.020030816640986132
B4_M_bcfr,4MXB,bcfr,B4,3,A81,B137,A81-B137,1,3894,0.00025680534155110427
B4_M_bcfr,4MXB,bcfr,B4,3,A81,B140,A81-B140,14,3894,0.0035952747817154596
B4_M_bcfr,4MXB,bcfr,B4,3,A81,B15,A81-B15,1,3894,0.00025680534155110427
B4_M_bcfr,4MXB,bcfr,B4,3,A81,B171,A81-B171,6,3894,0.0015408320493066256
B4_M_bcfr,4MXB,bcfr,B4,3,A81,B18,A81-B18,31,3894,0.007960965588084233
B4_M_bcfr,4MXB,bcfr,B4,3,A81,B27,A81-B27,33,3894,0.00847457627118644
B4_M_bcfr,4MXB,bcfr,B4,3,A81,B3,A81-B3,5,3894,0.0012840267077555213
B4_M_bcfr,4MXB,bcfr,B4,3,A81,B4,A81-B4,2,3894,0.0005136106831022085
B4_M_bcfr,4MXB,bcfr,B4,3,A81,B40,A81-B40,10,3894,0.0025680534155110425
B4_M_bcfr,4MXB,bcfr,B4,3,A81,B42,A81-B42,3,3894,0.0007704160246533128
B4_M_bcfr,4MXB,bcfr,B4,3,A81,B5,A81-B5,1,3894,0.00025680534155110427
B4_M_bcfr,4MXB,bcfr,B4,3,A81,B51,A81-B51,6,3894,0.0015408320493066256
B4_M_bcfr,4MXB,bcfr,B4,3,A81,B65,A81-B65,5,3894,0.0012840267077555213
B4_M_bcfr,4MXB,bcfr,B4,3,A81,B75,A81-B75,17,3894,0.004365690806368772
B4_M_bcfr,4MXB,bcfr,B4,3,A81,B77,A81-B77,1,3894,0.00025680534155110427
B4_M_bcfr,4MXB,bcfr,B4,3,A81,B8,A81-B8,1010,3894,0.2593733949666153
B4_M_bcfr,4MXB,bcfr,B4,3,A81,B84,A81-B84,18,3894,0.004622496147919877
B4_M_bcfr,4MXB,bcfr,B4,3,A83,B50,A83-B50,10,3894,0.0025680534155110425
B4_M_bcfr,4MXB,bcfr,B4,3,A89,B119,A89-B119,1,3894,0.00025680534155110427
B4_M_bcfr,4MXB,bcfr,B4,3,A90,B119,A90-B119,9,3894,0.0023112480739599386
B4_M_bcfr,4MXB,bcfr,B4,3,A90,B120,A90-B120,28,3894,0.007190549563430919
B4_M_bcfr,4MXB,bcfr,B4,3,A90,B145,A90-B145,20,3894,0.005136106831022085
B4_M_bcfr,4MXB,bcfr,B4,3,A90,B151,A90-B151,31,3894,0.007960965588084233
B4_M_bcfr,4MXB,bcfr,B4,3,A90,B154,A90-B154,3,3894,0.0007704160246533128
B4_M_bcfr,4MXB,bcfr,B4,3,A90,B155,A90-B155,19,3894,0.004879301489470981
B4_M_bcfr,4MXB,bcfr,B4,3,A90,B159,A90-B159,3,3894,0.0007704160246533128
B4_M_bcfr,4MXB,bcfr,B4,3,A90,B18,A90-B18,1,3894,0.00025680534155110427
B4_M_bcfr,4MXB,bcfr,B4,3,A90,B47,A90-B47,2,3894,0.0005136106831022085
B4_M_bcfr,4MXB,bcfr,B4,3,A90,B59,A90-B59,3,3894,0.0007704160246533128
B4_M_bcfr,4MXB,bcfr,B4,3,A90,B84,A90-B84,1,3894,0.00025680534155110427
B4_M_bcfr,4MXB,bcfr,B4,3,A96,B140,A96-B140,2,3894,0.0005136106831022085
B4_M_bcfr,4MXB,bcfr,B4,3,A96,B75,A96-B75,3,3894,0.0007704160246533128
B4_M_bcfr,4MXB,bcfr,B4,3,A96,B79,A96-B79,4,3894,0.001027221366204417
B4_M_bcfr,4MXB,bcfr,B4,3,A96,B87,A96-B87,2,3894,0.0005136106831022085
B4_M_bcfr,4MXB,bcfr,B4,3,A98,B77,A98-B77,1,3894,0.00025680534155110427
B4_M_bcfr,4MXB,bcfr,B4,4,A1,B87,A1-B87,1,4139,0.00024160425223483932
B4_M_bcfr,4MXB,bcfr,B4,4,A135,B84,A135-B84,3,4139,0.000724812756704518
B4_M_bcfr,4MXB,bcfr,B4,4,A143,B148,A143-B148,1,4139,0.00024160425223483932
B4_M_bcfr,4MXB,bcfr,B4,4,A143,B84,A143-B84,845,4139,0.20415559313843923
B4_M_bcfr,4MXB,bcfr,B4,4,A143,B93,A143-B93,2,4139,0.00048320850446967865
B4_M_bcfr,4MXB,bcfr,B4,4,A145,B8,A145-B8,1,4139,0.00024160425223483932
B4_M_bcfr,4MXB,bcfr,B4,4,A151,B19,A151-B19,1,4139,0.00024160425223483932
B4_M_bcfr,4MXB,bcfr,B4,4,A152,B100,A152-B100,19,4139,0.004590480792461948
B4_M_bcfr,4MXB,bcfr,B4,4,A152,B151,A152-B151,7,4139,0.0016912297656438754
B4_M_bcfr,4MXB,bcfr,B4,4,A153,B30,A153-B30,42,4139,0.010147378593863252
B4_M_bcfr,4MXB,bcfr,B4,4,A153,B6,A153-B6,30,4139,0.00724812756704518
B4_M_bcfr,4MXB,bcfr,B4,4,A159,B24,A159-B24,1,4139,0.00024160425223483932
B4_M_bcfr,4MXB,bcfr,B4,4,A159,B49,A159-B49,1,4139,0.00024160425223483932
B4_M_bcfr,4MXB,bcfr,B4,4,A159,B77,A159-B77,9,4139,0.002174438270113554
B4_M_bcfr,4MXB,bcfr,B4,4,A176,B104,A176-B104,1,4139,0.00024160425223483932
B4_M_bcfr,4MXB,bcfr,B4,4,A176,B119,A176-B119,1,4139,0.00024160425223483932
B4_M_bcfr,4MXB,bcfr,B4,4,A186,B30,A186-B30,3,4139,0.000724812756704518
B4_M_bcfr,4MXB,bcfr,B4,4,A186,B79,A186-B79,10,4139,0.0024160425223483935
B4_M_bcfr,4MXB,bcfr,B4,4,A191,B84,A191-B84,1,4139,0.00024160425223483932
B4_M_bcfr,4MXB,bcfr,B4,4,A193,B77,A193-B77,1,4139,0.00024160425223483932
B4_M_bcfr,4MXB,bcfr,B4,4,A196,B107,A196-B107,1,4139,0.00024160425223483932
B4_M_bcfr,4MXB,bcfr,B4,4,A196,B117,A196-B117,236,4139,0.05701860352742208
B4_M_bcfr,4MXB,bcfr,B4,4,A196,B122,A196-B122,7,4139,0.0016912297656438754
B4_M_bcfr,4MXB,bcfr,B4,4,A196,B123,A196-B123,10,4139,0.0024160425223483935
B4_M_bcfr,4MXB,bcfr,B4,4,A196,B139,A196-B139,1,4139,0.00024160425223483932
B4_M_bcfr,4MXB,bcfr,B4,4,A196,B15,A196-B15,29,4139,0.007006523314810341
B4_M_bcfr,4MXB,bcfr,B4,4,A196,B150,A196-B150,17,4139,0.004107272287992268
B4_M_bcfr,4MXB,bcfr,B4,4,A196,B151,A196-B151,1,4139,0.00024160425223483932
B4_M_bcfr,4MXB,bcfr,B4,4,A196,B171,A196-B171,60,4139,0.01449625513409036
B4_M_bcfr,4MXB,bcfr,B4,4,A196,B2,A196-B2,32,4139,0.007731336071514858
B4_M_bcfr,4MXB,bcfr,B4,4,A196,B27,A196-B27,84,4139,0.020294757187726505
B4_M_bcfr,4MXB,bcfr,B4,4,A196,B30,A196-B30,13,4139,0.0031408552790529115
B4_M_bcfr,4MXB,bcfr,B4,4,A196,B39,A196-B39,1,4139,0.00024160425223483932
B4_M_bcfr,4MXB,bcfr,B4,4,A196,B59,A196-B59,124,4139,0.029958927277120077
B4_M_bcfr,4MXB,bcfr,B4,4,A196,B6,A196-B6,4,4139,0.0009664170089393573
B4_M_bcfr,4MXB,bcfr,B4,4,A196,B75,A196-B75,1,4139,0.00024160425223483932
B4_M_bcfr,4MXB,bcfr,B4,4,A196,B8,A196-B8,11,4139,0.0026576467745832327
B4_M_bcfr,4MXB,bcfr,B4,4,A196,B85,A196-B85,1,4139,0.00024160425223483932
B4_M_bcfr,4MXB,bcfr,B4,4,A196,B86,A196-B86,1,4139,0.00024160425223483932
B4_M_bcfr,4MXB,bcfr,B4,4,A196,B87,A196-B87,226,4139,0.05460256100507369
B4_M_bcfr,4MXB,bcfr,B4,4,A20,B178,A20-B178,1,4139,0.00024160425223483932
B4_M_bcfr,4MXB,bcfr,B4,4,A20,B30,A20-B30,5,4139,0.0012080212611741967
B4_M_bcfr,4MXB,bcfr,B4,4,A20,B60,A20-B60,1,4139,0.00024160425223483932
B4_M_bcfr,4MXB,bcfr,B4,4,A20,B84,A20-B84,2,4139,0.00048320850446967865
B4_M_bcfr,4MXB,bcfr,B4,4,A63,B117,A63-B117,1,4139,0.00024160425223483932
B4_M_bcfr,4MXB,bcfr,B4,4,A63,B151,A63-B151,9,4139,0.002174438270113554
B4_M_bcfr,4MXB,bcfr,B4,4,A78,B103,A78-B103,2,4139,0.00048320850446967865
B4_M_bcfr,4MXB,bcfr,B4,4,A78,B109,A78-B109,1,4139,0.00024160425223483932
B4_M_bcfr,4MXB,bcfr,B4,4,A78,B137,A78-B137,159,4139,0.03841507610533945
B4_M_bcfr,4MXB,bcfr,B4,4,A78,B150,A78-B150,3,4139,0.000724812756704518
B4_M_bcfr,4MXB,bcfr,B4,4,A78,B151,A78-B151,96,4139,0.023194008214544575
B4_M_bcfr,4MXB,bcfr,B4,4,A78,B171,A78-B171,2,4139,0.00048320850446967865
B4_M_bcfr,4MXB,bcfr,B4,4,A78,B26,A78-B26,3,4139,0.000724812756704518
B4_M_bcfr,4MXB,bcfr,B4,4,A78,B68,A78-B68,1,4139,0.00024160425223483932
B4_M_bcfr,4MXB,bcfr,B4,4,A78,B70,A78-B70,4,4139,0.0009664170089393573
B4_M_bcfr,4MXB,bcfr,B4,4,A78,B73,A78-B73,1,4139,0.00024160425223483932
B4_M_bcfr,4MXB,bcfr,B4,4,A78,B77,A78-B77,319,4139,0.07707175646291375
B4_M_bcfr,4MXB,bcfr,B4,4,A78,B84,A78-B84,39,4139,0.009422565837158734
B4_M_bcfr,4MXB,bcfr,B4,4,A81,B12,A81-B12,4,4139,0.0009664170089393573
B4_M_bcfr,4MXB,bcfr,B4,4,A81,B132,A81-B132,31,4139,0.007489731819280019
B4_M_bcfr,4MXB,bcfr,B4,4,A81,B136,A81-B136,1,4139,0.00024160425223483932
B4_M_bcfr,4MXB,bcfr,B4,4,A81,B140,A81-B140,1,4139,0.00024160425223483932
B4_M_bcfr,4MXB,bcfr,B4,4,A81,B18,A81-B18,8,4139,0.0019328340178787146
B4_M_bcfr,4MXB,bcfr,B4,4,A81,B27,A81-B27,20,4139,0.004832085044696787
B4_M_bcfr,4MXB,bcfr,B4,4,A81,B40,A81-B40,10,4139,0.0024160425223483935
B4_M_bcfr,4MXB,bcfr,B4,4,A81,B42,A81-B42,4,4139,0.0009664170089393573
B4_M_bcfr,4MXB,bcfr,B4,4,A81,B51,A81-B51,1,4139,0.00024160425223483932
B4_M_bcfr,4MXB,bcfr,B4,4,A81,B65,A81-B65,4,4139,0.0009664170089393573
B4_M_bcfr,4MXB,bcfr,B4,4,A81,B75,A81-B75,14,4139,0.0033824595312877508
B4_M_bcfr,4MXB,bcfr,B4,4,A81,B8,A81-B8,1452,4139,0.3508093742449867
B4_M_bcfr,4MXB,bcfr,B4,4,A81,B84,A81-B84,16,4139,0.003865668035757429
B4_M_bcfr,4MXB,bcfr,B4,4,A83,B137,A83-B137,1,4139,0.00024160425223483932
B4_M_bcfr,4MXB,bcfr,B4,4,A83,B50,A83-B50,3,4139,0.000724812756704518
B4_M_bcfr,4MXB,bcfr,B4,4,A90,B119,A90-B119,1,4139,0.00024160425223483932
B4_M_bcfr,4MXB,bcfr,B4,4,A90,B120,A90-B120,20,4139,0.004832085044696787
B4_M_bcfr,4MXB,bcfr,B4,4,A90,B145,A90-B145,7,4139,0.0016912297656438754
B4_M_bcfr,4MXB,bcfr,B4,4,A90,B151,A90-B151,27,4139,0.006523314810340662
B4_M_bcfr,4MXB,bcfr,B4,4,A90,B154,A90-B154,1,4139,0.00024160425223483932
B4_M_bcfr,4MXB,bcfr,B4,4,A90,B155,A90-B155,5,4139,0.0012080212611741967
B4_M_bcfr,4MXB,bcfr,B4,4,A90,B18,A90-B18,3,4139,0.000724812756704518
B4_M_bcfr,4MXB,bcfr,B4,4,A90,B26,A90-B26,1,4139,0.00024160425223483932
B4_M_bcfr,4MXB,bcfr,B4,4,A90,B47,A90-B47,3,4139,0.000724812756704518
B4_M_bcfr,4MXB,bcfr,B4,4,A90,B59,A90-B59,1,4139,0.00024160425223483932
B4_M_bcfr,4MXB,bcfr,B4,4,A90,B84,A90-B84,2,4139,0.00048320850446967865
B4_M_bcfr,4MXB,bcfr,B4,4,A93,B8,A93-B8,1,4139,0.00024160425223483932
B4_M_bcfr,4MXB,bcfr,B4,4,A96,B140,A96-B140,3,4139,0.000724812756704518
B4_M_bcfr,4MXB,bcfr,B4,4,A96,B75,A96-B75,2,4139,0.00048320850446967865
B4_M_bcfr,4MXB,bcfr,B4,4,A96,B79,A96-B79,2,4139,0.00048320850446967865
B4_M_bcfr,4MXB,bcfr,B4,4,A96,B87,A96-B87,1,4139,0.00024160425223483932
B4_M_bcfr,4MXB,bcfr,B4,13,A113,B8,A113-B8,1,3809,0.00026253609871357313
B4_M_bcfr,4MXB,bcfr,B4,13,A122,B79,A122-B79,1,3809,0.00026253609871357313
B4_M_bcfr,4MXB,bcfr,B4,13,A143,B76,A143-B76,1,3809,0.00026253609871357313
B4_M_bcfr,4MXB,bcfr,B4,13,A143,B8,A143-B8,1,3809,0.00026253609871357313
B4_M_bcfr,4MXB,bcfr,B4,13,A143,B84,A143-B84,442,3809,0.11604095563139932
B4_M_bcfr,4MXB,bcfr,B4,13,A143,B89,A143-B89,1,3809,0.00026253609871357313
B4_M_bcfr,4MXB,bcfr,B4,13,A143,B92,A143-B92,2,3809,0.0005250721974271463
B4_M_bcfr,4MXB,bcfr,B4,13,A15,B84,A15-B84,1,3809,0.00026253609871357313
B4_M_bcfr,4MXB,bcfr,B4,13,A152,B100,A152-B100,2,3809,0.0005250721974271463
B4_M_bcfr,4MXB,bcfr,B4,13,A186,B111,A186-B111,1,3809,0.00026253609871357313
B4_M_bcfr,4MXB,bcfr,B4,13,A186,B148,A186-B148,1,3809,0.00026253609871357313
B4_M_bcfr,4MXB,bcfr,B4,13,A186,B15,A186-B15,1,3809,0.00026253609871357313
B4_M_bcfr,4MXB,bcfr,B4,13,A186,B79,A186-B79,759,3809,0.199264898923602
B4_M_bcfr,4MXB,bcfr,B4,13,A186,B99,A186-B99,1,3809,0.00026253609871357313
B4_M_bcfr,4MXB,bcfr,B4,13,A196,B117,A196-B117,1,3809,0.00026253609871357313
B4_M_bcfr,4MXB,bcfr,B4,13,A196,B59,A196-B59,1,3809,0.00026253609871357313
B4_M_bcfr,4MXB,bcfr,B4,13,A78,B150,A78-B150,1,3809,0.00026253609871357313
B4_M_bcfr,4MXB,bcfr,B4,13,A78,B151,A78-B151,15,3809,0.0039380414807035965
B4_M_bcfr,4MXB,bcfr,B4,13,A78,B155,A78-B155,1,3809,0.00026253609871357313
B4_M_bcfr,4MXB,bcfr,B4,13,A78,B77,A78-B77,13,3809,0.0034129692832764505
B4_M_bcfr,4MXB,bcfr,B4,13,A78,B84,A78-B84,1,3809,0.00026253609871357313
B4_M_bcfr,4MXB,bcfr,B4,13,A81,B132,A81-B132,20,3809,0.005250721974271462
B4_M_bcfr,4MXB,bcfr,B4,13,A81,B27,A81-B27,1,3809,0.00026253609871357313
B4_M_bcfr,4MXB,bcfr,B4,13,A81,B3,A81-B3,3,3809,0.0007876082961407193
B4_M_bcfr,4MXB,bcfr,B4,13,A81,B8,A81-B8,2533,3809,0.6650039380414807
B4_M_bcfr,4MXB,bcfr,B4,13,A82,B77,A82-B77,1,3809,0.00026253609871357313
B4_M_bcfr,4MXB,bcfr,B4,13,A90,B151,A90-B151,1,3809,0.00026253609871357313
B4_M_bcfr,4MXB,bcfr,B4,13,A93,B8,A93-B8,2,3809,0.0005250721974271463
B4_M_fbcr,4MXB,fbcr,B4,3,A115,B84,A115-B84,1,4636,0.00021570319240724764
B4_M_fbcr,4MXB,fbcr,B4,3,A132,B15,A132-B15,1,4636,0.00021570319240724764
B4_M_fbcr,4MXB,fbcr,B4,3,A143,B8,A143-B8,1,4636,0.00021570319240724764
B4_M_fbcr,4MXB,fbcr,B4,3,A143,B84,A143-B84,383,4636,0.08261432269197584
B4_M_fbcr,4MXB,fbcr,B4,3,A145,B30,A145-B30,1,4636,0.00021570319240724764
B4_M_fbcr,4MXB,fbcr,B4,3,A146,B137,A146-B137,1,4636,0.00021570319240724764
B4_M_fbcr,4MXB,fbcr,B4,3,A149,B6,A149-B6,1,4636,0.00021570319240724764
B4_M_fbcr,4MXB,fbcr,B4,3,A15,B84,A15-B84,1,4636,0.00021570319240724764
B4_M_fbcr,4MXB,fbcr,B4,3,A152,B100,A152-B100,21,4636,0.0045297670405522
B4_M_fbcr,4MXB,fbcr,B4,3,A152,B110,A152-B110,4,4636,0.0008628127696289905
B4_M_fbcr,4MXB,fbcr,B4,3,A152,B126,A152-B126,1,4636,0.00021570319240724764
B4_M_fbcr,4MXB,fbcr,B4,3,A152,B151,A152-B151,19,4636,0.004098360655737705
B4_M_fbcr,4MXB,fbcr,B4,3,A152,B9,A152-B9,1,4636,0.00021570319240724764
B4_M_fbcr,4MXB,fbcr,B4,3,A153,B105,A153-B105,1,4636,0.00021570319240724764
B4_M_fbcr,4MXB,fbcr,B4,3,A153,B30,A153-B30,61,4636,0.013157894736842105
B4_M_fbcr,4MXB,fbcr,B4,3,A153,B6,A153-B6,64,4636,0.013805004314063849
B4_M_fbcr,4MXB,fbcr,B4,3,A159,B24,A159-B24,1,4636,0.00021570319240724764
B4_M_fbcr,4MXB,fbcr,B4,3,A159,B49,A159-B49,2,4636,0.0004314063848144953
B4_M_fbcr,4MXB,fbcr,B4,3,A159,B77,A159-B77,4,4636,0.0008628127696289905
B4_M_fbcr,4MXB,fbcr,B4,3,A162,B137,A162-B137,1,4636,0.00021570319240724764
B4_M_fbcr,4MXB,fbcr,B4,3,A176,B33,A176-B33,1,4636,0.00021570319240724764
B4_M_fbcr,4MXB,fbcr,B4,3,A186,B79,A186-B79,20,4636,0.004314063848144953
B4_M_fbcr,4MXB,fbcr,B4,3,A194,B117,A194-B117,1,4636,0.00021570319240724764
B4_M_fbcr,4MXB,fbcr,B4,3,A196,B117,A196-B117,281,4636,0.06061259706643658
B4_M_fbcr,4MXB,fbcr,B4,3,A196,B122,A196-B122,16,4636,0.003451251078515962
B4_M_fbcr,4MXB,fbcr,B4,3,A196,B123,A196-B123,16,4636,0.003451251078515962
B4_M_fbcr,4MXB,fbcr,B4,3,A196,B15,A196-B15,52,4636,0.011216566005176877
B4_M_fbcr,4MXB,fbcr,B4,3,A196,B150,A196-B150,27,4636,0.005823986194995686
B4_M_fbcr,4MXB,fbcr,B4,3,A196,B169,A196-B169,1,4636,0.00021570319240724764
B4_M_fbcr,4MXB,fbcr,B4,3,A196,B171,A196-B171,101,4636,0.02178602243313201
B4_M_fbcr,4MXB,fbcr,B4,3,A196,B2,A196-B2,60,4636,0.012942191544434857
B4_M_fbcr,4MXB,fbcr,B4,3,A196,B27,A196-B27,146,4636,0.031492666091458156
B4_M_fbcr,4MXB,fbcr,B4,3,A196,B30,A196-B30,20,4636,0.004314063848144953
B4_M_fbcr,4MXB,fbcr,B4,3,A196,B59,A196-B59,162,4636,0.034943917169974116
B4_M_fbcr,4MXB,fbcr,B4,3,A196,B6,A196-B6,1,4636,0.00021570319240724764
B4_M_fbcr,4MXB,fbcr,B4,3,A196,B75,A196-B75,2,4636,0.0004314063848144953
B4_M_fbcr,4MXB,fbcr,B4,3,A196,B8,A196-B8,7,4636,0.0015099223468507334
B4_M_fbcr,4MXB,fbcr,B4,3,A196,B85,A196-B85,1,4636,0.00021570319240724764
B4_M_fbcr,4MXB,fbcr,B4,3,A196,B87,A196-B87,366,4636,0.07894736842105263
B4_M_fbcr,4MXB,fbcr,B4,3,A196,B91,A196-B91,3,4636,0.0006471095772217428
B4_M_fbcr,4MXB,fbcr,B4,3,A20,B11,A20-B11,3,4636,0.0006471095772217428
B4_M_fbcr,4MXB,fbcr,B4,3,A20,B117,A20-B117,1,4636,0.00021570319240724764
B4_M_fbcr,4MXB,fbcr,B4,3,A20,B178,A20-B178,2,4636,0.0004314063848144953
B4_M_fbcr,4MXB,fbcr,B4,3,A20,B30,A20-B30,3,4636,0.0006471095772217428
B4_M_fbcr,4MXB,fbcr,B4,3,A20,B60,A20-B60,2,4636,0.0004314063848144953
B4_M_fbcr,4MXB,fbcr,B4,3,A20,B84,A20-B84,1,4636,0.00021570319240724764
B4_M_fbcr,4MXB,fbcr,B4,3,A4,B117,A4-B117,1,4636,0.00021570319240724764
B4_M_fbcr,4MXB,fbcr,B4,3,A4,B87,A4-B87,2,4636,0.0004314063848144953
B4_M_fbcr,4MXB,fbcr,B4,3,A49,B27,A49-B27,1,4636,0.00021570319240724764
B4_M_fbcr,4MXB,fbcr,B4,3,A63,B147,A63-B147,3,4636,0.0006471095772217428
B4_M_fbcr,4MXB,fbcr,B4,3,A63,B151,A63-B151,14,4636,0.0030198446937014668
B4_M_fbcr,4MXB,fbcr,B4,3,A63,B84,A63-B84,1,4636,0.00021570319240724764
B4_M_fbcr,4MXB,fbcr,B4,3,A65,B171,A65-B171,1,4636,0.00021570319240724764
B4_M_fbcr,4MXB,fbcr,B4,3,A65,B8,A65-B8,1,4636,0.00021570319240724764
B4_M_fbcr,4MXB,fbcr,B4,3,A68,B117,A68-B117,3,4636,0.0006471095772217428
B4_M_fbcr,4MXB,fbcr,B4,3,A77,B8,A77-B8,1,4636,0.00021570319240724764
B4_M_fbcr,4MXB,fbcr,B4,3,A78,B103,A78-B103,5,4636,0.0010785159620362382
B4_M_fbcr,4MXB,fbcr,B4,3,A78,B109,A78-B109,1,4636,0.00021570319240724764
B4_M_fbcr,4MXB,fbcr,B4,3,A78,B115,A78-B115,1,4636,0.00021570319240724764
B4_M_fbcr,4MXB,fbcr,B4,3,A78,B130,A78-B130,2,4636,0.0004314063848144953
B4_M_fbcr,4MXB,fbcr,B4,3,A78,B137,A78-B137,355,4636,0.07657463330457291
B4_M_fbcr,4MXB,fbcr,B4,3,A78,B142,A78-B142,4,4636,0.0008628127696289905
B4_M_fbcr,4MXB,fbcr,B4,3,A78,B149,A78-B149,1,4636,0.00021570319240724764
B4_M_fbcr,4MXB,fbcr,B4,3,A78,B150,A78-B150,1,4636,0.00021570319240724764
B4_M_fbcr,4MXB,fbcr,B4,3,A78,B151,A78-B151,161,4636,0.03472821397756687
B4_M_fbcr,4MXB,fbcr,B4,3,A78,B169,A78-B169,1,4636,0.00021570319240724764
B4_M_fbcr,4MXB,fbcr,B4,3,A78,B171,A78-B171,6,4636,0.0012942191544434857
B4_M_fbcr,4MXB,fbcr,B4,3,A78,B23,A78-B23,1,4636,0.00021570319240724764
B4_M_fbcr,4MXB,fbcr,B4,3,A78,B26,A78-B26,8,4636,0.001725625539257981
B4_M_fbcr,4MXB,fbcr,B4,3,A78,B69,A78-B69,2,4636,0.0004314063848144953
B4_M_fbcr,4MXB,fbcr,B4,3,A78,B70,A78-B70,18,4636,0.003882657463330457
B4_M_fbcr,4MXB,fbcr,B4,3,A78,B77,A78-B77,513,4636,0.11065573770491803
B4_M_fbcr,4MXB,fbcr,B4,3,A78,B84,A78-B84,81,4636,0.017471958584987058
B4_M_fbcr,4MXB,fbcr,B4,3,A78,B87,A78-B87,1,4636,0.00021570319240724764
B4_M_fbcr,4MXB,fbcr,B4,3,A78,B9,A78-B9,1,4636,0.00021570319240724764
B4_M_fbcr,4MXB,fbcr,B4,3,A81,B12,A81-B12,4,4636,0.0008628127696289905
B4_M_fbcr,4MXB,fbcr,B4,3,A81,B132,A81-B132,101,4636,0.02178602243313201
B4_M_fbcr,4MXB,fbcr,B4,3,A81,B137,A81-B137,1,4636,0.00021570319240724764
B4_M_fbcr,4MXB,fbcr,B4,3,A81,B140,A81-B140,14,4636,0.0030198446937014668
B4_M_fbcr,4MXB,fbcr,B4,3,A81,B15,A81-B15,1,4636,0.00021570319240724764
B4_M_fbcr,4MXB,fbcr,B4,3,A81,B163,A81-B163,1,4636,0.00021570319240724764
B4_M_fbcr,4MXB,fbcr,B4,3,A81,B171,A81-B171,10,4636,0.0021570319240724763
B4_M_fbcr,4MXB,fbcr,B4,3,A81,B18,A81-B18,38,4636,0.00819672131147541
B4_M_fbcr,4MXB,fbcr,B4,3,A81,B27,A81-B27,47,4636,0.010138050043140638
B4_M_fbcr,4MXB,fbcr,B4,3,A81,B3,A81-B3,3,4636,0.0006471095772217428
B4_M_fbcr,4MXB,fbcr,B4,3,A81,B4,A81-B4,4,4636,0.0008628127696289905
B4_M_fbcr,4MXB,fbcr,B4,3,A81,B40,A81-B40,27,4636,0.005823986194995686
B4_M_fbcr,4MXB,fbcr,B4,3,A81,B42,A81-B42,4,4636,0.0008628127696289905
B4_M_fbcr,4MXB,fbcr,B4,3,A81,B51,A81-B51,10,4636,0.0021570319240724763
B4_M_fbcr,4MXB,fbcr,B4,3,A81,B6,A81-B6,2,4636,0.0004314063848144953
B4_M_fbcr,4MXB,fbcr,B4,3,A81,B65,A81-B65,7,4636,0.0015099223468507334
B4_M_fbcr,4MXB,fbcr,B4,3,A81,B75,A81-B75,24,4636,0.005176876617773943
B4_M_fbcr,4MXB,fbcr,B4,3,A81,B8,A81-B8,1081,4636,0.23317515099223468
B4_M_fbcr,4MXB,fbcr,B4,3,A81,B84,A81-B84,29,4636,0.006255392579810181
B4_M_fbcr,4MXB,fbcr,B4,3,A83,B50,A83-B50,4,4636,0.0008628127696289905
B4_M_fbcr,4MXB,fbcr,B4,3,A84,B132,A84-B132,1,4636,0.00021570319240724764
B4_M_fbcr,4MXB,fbcr,B4,3,A90,B119,A90-B119,4,4636,0.0008628127696289905
B4_M_fbcr,4MXB,fbcr,B4,3,A90,B120,A90-B120,29,4636,0.006255392579810181
B4_M_fbcr,4MXB,fbcr,B4,3,A90,B145,A90-B145,13,4636,0.0028041415012942193
B4_M_fbcr,4MXB,fbcr,B4,3,A90,B147,A90-B147,1,4636,0.00021570319240724764
B4_M_fbcr,4MXB,fbcr,B4,3,A90,B151,A90-B151,38,4636,0.00819672131147541
B4_M_fbcr,4MXB,fbcr,B4,3,A90,B154,A90-B154,5,4636,0.0010785159620362382
B4_M_fbcr,4MXB,fbcr,B4,3,A90,B155,A90-B155,35,4636,0.007549611734253667
B4_M_fbcr,4MXB,fbcr,B4,3,A90,B159,A90-B159,5,4636,0.0010785159620362382
B4_M_fbcr,4MXB,fbcr,B4,3,A90,B165,A90-B165,1,4636,0.00021570319240724764
B4_M_fbcr,4MXB,fbcr,B4,3,A90,B26,A90-B26,1,4636,0.00021570319240724764
B4_M_fbcr,4MXB,fbcr,B4,3,A90,B47,A90-B47,3,4636,0.0006471095772217428
B4_M_fbcr,4MXB,fbcr,B4,3,A90,B59,A90-B59,8,4636,0.001725625539257981
B4_M_fbcr,4MXB,fbcr,B4,3,A90,B84,A90-B84,1,4636,0.00021570319240724764
B4_M_fbcr,4MXB,fbcr,B4,3,A93,B8,A93-B8,2,4636,0.0004314063848144953
B4_M_fbcr,4MXB,fbcr,B4,3,A96,B127,A96-B127,1,4636,0.00021570319240724764
B4_M_fbcr,4MXB,fbcr,B4,3,A96,B140,A96-B140,3,4636,0.0006471095772217428
B4_M_fbcr,4MXB,fbcr,B4,3,A96,B75,A96-B75,2,4636,0.0004314063848144953
B4_M_fbcr,4MXB,fbcr,B4,3,A96,B79,A96-B79,9,4636,0.0019413287316652286
B4_M_fbcr,4MXB,fbcr,B4,3,A96,B87,A96-B87,5,4636,0.0010785159620362382
B4_M_fbcr,4MXB,fbcr,B4,4,A102,B120,A102-B120,2,3816,0.0005241090146750524
B4_M_fbcr,4MXB,fbcr,B4,4,A132,B87,A132-B87,1,3816,0.0002620545073375262
B4_M_fbcr,4MXB,fbcr,B4,4,A143,B130,A143-B130,1,3816,0.0002620545073375262
B4_M_fbcr,4MXB,fbcr,B4,4,A143,B84,A143-B84,720,3816,0.18867924528301888
B4_M_fbcr,4MXB,fbcr,B4,4,A152,B100,A152-B100,21,3816,0.00550314465408805
B4_M_fbcr,4MXB,fbcr,B4,4,A152,B110,A152-B110,1,3816,0.0002620545073375262
B4_M_fbcr,4MXB,fbcr,B4,4,A152,B151,A152-B151,9,3816,0.0023584905660377358
B4_M_fbcr,4MXB,fbcr,B4,4,A153,B30,A153-B30,35,3816,0.009171907756813417
B4_M_fbcr,4MXB,fbcr,B4,4,A153,B6,A153-B6,27,3816,0.007075471698113208
B4_M_fbcr,4MXB,fbcr,B4,4,A159,B24,A159-B24,1,3816,0.0002620545073375262
B4_M_fbcr,4MXB,fbcr,B4,4,A159,B77,A159-B77,1,3816,0.0002620545073375262
B4_M_fbcr,4MXB,fbcr,B4,4,A162,B137,A162-B137,1,3816,0.0002620545073375262
B4_M_fbcr,4MXB,fbcr,B4,4,A176,B119,A176-B119,1,3816,0.0002620545073375262
B4_M_fbcr,4MXB,fbcr,B4,4,A176,B131,A176-B131,1,3816,0.0002620545073375262
B4_M_fbcr,4MXB,fbcr,B4,4,A186,B30,A186-B30,2,3816,0.0005241090146750524
B4_M_fbcr,4MXB,fbcr,B4,4,A186,B79,A186-B79,13,3816,0.0034067085953878406
B4_M_fbcr,4MXB,fbcr,B4,4,A196,B107,A196-B107,1,3816,0.0002620545073375262
B4_M_fbcr,4MXB,fbcr,B4,4,A196,B117,A196-B117,225,3816,0.0589622641509434
B4_M_fbcr,4MXB,fbcr,B4,4,A196,B122,A196-B122,4,3816,0.0010482180293501049
B4_M_fbcr,4MXB,fbcr,B4,4,A196,B123,A196-B123,6,3816,0.0015723270440251573
B4_M_fbcr,4MXB,fbcr,B4,4,A196,B15,A196-B15,19,3816,0.004979035639412998
B4_M_fbcr,4MXB,fbcr,B4,4,A196,B150,A196-B150,24,3816,0.006289308176100629
B4_M_fbcr,4MXB,fbcr,B4,4,A196,B151,A196-B151,1,3816,0.0002620545073375262
B4_M_fbcr,4MXB,fbcr,B4,4,A196,B171,A196-B171,61,3816,0.0159853249475891
B4_M_fbcr,4MXB,fbcr,B4,4,A196,B2,A196-B2,38,3816,0.009958071278825996
B4_M_fbcr,4MXB,fbcr,B4,4,A196,B27,A196-B27,72,3816,0.018867924528301886
B4_M_fbcr,4MXB,fbcr,B4,4,A196,B30,A196-B30,15,3816,0.003930817610062893
B4_M_fbcr,4MXB,fbcr,B4,4,A196,B59,A196-B59,126,3816,0.0330188679245283
B4_M_fbcr,4MXB,fbcr,B4,4,A196,B6,A196-B6,2,3816,0.0005241090146750524
B4_M_fbcr,4MXB,fbcr,B4,4,A196,B75,A196-B75,4,3816,0.0010482180293501049
B4_M_fbcr,4MXB,fbcr,B4,4,A196,B8,A196-B8,7,3816,0.0018343815513626835
B4_M_fbcr,4MXB,fbcr,B4,4,A196,B87,A196-B87,248,3816,0.0649895178197065
B4_M_fbcr,4MXB,fbcr,B4,4,A196,B91,A196-B91,1,3816,0.0002620545073375262
B4_M_fbcr,4MXB,fbcr,B4,4,A20,B126,A20-B126,2,3816,0.0005241090146750524
B4_M_fbcr,4MXB,fbcr,B4,4,A20,B178,A20-B178,1,3816,0.0002620545073375262
B4_M_fbcr,4MXB,fbcr,B4,4,A20,B30,A20-B30,2,3816,0.0005241090146750524
B4_M_fbcr,4MXB,fbcr,B4,4,A4,B117,A4-B117,1,3816,0.0002620545073375262
B4_M_fbcr,4MXB,fbcr,B4,4,A4,B87,A4-B87,2,3816,0.0005241090146750524
B4_M_fbcr,4MXB,fbcr,B4,4,A63,B117,A63-B117,1,3816,0.0002620545073375262
B4_M_fbcr,4MXB,fbcr,B4,4,A63,B151,A63-B151,11,3816,0.002882599580712788
B4_M_fbcr,4MXB,fbcr,B4,4,A63,B84,A63-B84,1,3816,0.0002620545073375262
B4_M_fbcr,4MXB,fbcr,B4,4,A77,B8,A77-B8,1,3816,0.0002620545073375262
B4_M_fbcr,4MXB,fbcr,B4,4,A78,B103,A78-B103,4,3816,0.0010482180293501049
B4_M_fbcr,4MXB,fbcr,B4,4,A78,B109,A78-B109,1,3816,0.0002620545073375262
B4_M_fbcr,4MXB,fbcr,B4,4,A78,B137,A78-B137,152,3816,0.039832285115303984
B4_M_fbcr,4MXB,fbcr,B4,4,A78,B142,A78-B142,3,3816,0.0007861635220125787
B4_M_fbcr,4MXB,fbcr,B4,4,A78,B150,A78-B150,2,3816,0.0005241090146750524
B4_M_fbcr,4MXB,fbcr,B4,4,A78,B151,A78-B151,85,3816,0.022274633123689727
B4_M_fbcr,4MXB,fbcr,B4,4,A78,B171,A78-B171,6,3816,0.0015723270440251573
B4_M_fbcr,4MXB,fbcr,B4,4,A78,B26,A78-B26,5,3816,0.001310272536687631
B4_M_fbcr,4MXB,fbcr,B4,4,A78,B70,A78-B70,9,3816,0.0023584905660377358
B4_M_fbcr,4MXB,fbcr,B4,4,A78,B77,A78-B77,247,3816,0.06472746331236898
B4_M_fbcr,4MXB,fbcr,B4,4,A78,B80,A78-B80,1,3816,0.0002620545073375262
B4_M_fbcr,4MXB,fbcr,B4,4,A78,B84,A78-B84,44,3816,0.011530398322851153
B4_M_fbcr,4MXB,fbcr,B4,4,A81,B12,A81-B12,1,3816,0.0002620545073375262
B4_M_fbcr,4MXB,fbcr,B4,4,A81,B132,A81-B132,29,3816,0.00759958071278826
B4_M_fbcr,4MXB,fbcr,B4,4,A81,B140,A81-B140,6,3816,0.0015723270440251573
B4_M_fbcr,4MXB,fbcr,B4,4,A81,B171,A81-B171,3,3816,0.0007861635220125787
B4_M_fbcr,4MXB,fbcr,B4,4,A81,B18,A81-B18,11,3816,0.002882599580712788
B4_M_fbcr,4MXB,fbcr,B4,4,A81,B27,A81-B27,12,3816,0.0031446540880503146
B4_M_fbcr,4MXB,fbcr,B4,4,A81,B3,A81-B3,3,3816,0.0007861635220125787
B4_M_fbcr,4MXB,fbcr,B4,4,A81,B40,A81-B40,9,3816,0.0023584905660377358
B4_M_fbcr,4MXB,fbcr,B4,4,A81,B42,A81-B42,1,3816,0.0002620545073375262
B4_M_fbcr,4MXB,fbcr,B4,4,A81,B47,A81-B47,1,3816,0.0002620545073375262
B4_M_fbcr,4MXB,fbcr,B4,4,A81,B51,A81-B51,6,3816,0.0015723270440251573
B4_M_fbcr,4MXB,fbcr,B4,4,A81,B65,A81-B65,2,3816,0.0005241090146750524
B4_M_fbcr,4MXB,fbcr,B4,4,A81,B75,A81-B75,9,3816,0.0023584905660377358
B4_M_fbcr,4MXB,fbcr,B4,4,A81,B8,A81-B8,1377,3816,0.3608490566037736
B4_M_fbcr,4MXB,fbcr,B4,4,A81,B84,A81-B84,12,3816,0.0031446540880503146
B4_M_fbcr,4MXB,fbcr,B4,4,A83,B50,A83-B50,14,3816,0.003668763102725367
B4_M_fbcr,4MXB,fbcr,B4,4,A90,B119,A90-B119,1,3816,0.0002620545073375262
B4_M_fbcr,4MXB,fbcr,B4,4,A90,B120,A90-B120,9,3816,0.0023584905660377358
B4_M_fbcr,4MXB,fbcr,B4,4,A90,B145,A90-B145,5,3816,0.001310272536687631
B4_M_fbcr,4MXB,fbcr,B4,4,A90,B151,A90-B151,17,3816,0.004454926624737945
B4_M_fbcr,4MXB,fbcr,B4,4,A90,B154,A90-B154,1,3816,0.0002620545073375262
B4_M_fbcr,4MXB,fbcr,B4,4,A90,B155,A90-B155,3,3816,0.0007861635220125787
B4_M_fbcr,4MXB,fbcr,B4,4,A90,B47,A90-B47,5,3816,0.001310272536687631
B4_M_fbcr,4MXB,fbcr,B4,4,A90,B59,A90-B59,1,3816,0.0002620545073375262
B4_M_fbcr,4MXB,fbcr,B4,4,A93,B40,A93-B40,1,3816,0.0002620545073375262
B4_M_fbcr,4MXB,fbcr,B4,4,A96,B79,A96-B79,3,3816,0.0007861635220125787
B4_M_fbcr,4MXB,fbcr,B4,4,A96,B87,A96-B87,2,3816,0.0005241090146750524
B4_M_fbcr,4MXB,fbcr,B4,13,A101,B8,A101-B8,1,4687,0.0002133560913164071
B4_M_fbcr,4MXB,fbcr,B4,13,A130,B79,A130-B79,1,4687,0.0002133560913164071
B4_M_fbcr,4MXB,fbcr,B4,13,A143,B68,A143-B68,1,4687,0.0002133560913164071
B4_M_fbcr,4MXB,fbcr,B4,13,A143,B84,A143-B84,611,4687,0.13036057179432473
B4_M_fbcr,4MXB,fbcr,B4,13,A152,B100,A152-B100,3,4687,0.0006400682739492212
B4_M_fbcr,4MXB,fbcr,B4,13,A153,B6,A153-B6,2,4687,0.0004267121826328142
B4_M_fbcr,4MXB,fbcr,B4,13,A154,B79,A154-B79,1,4687,0.0002133560913164071
B4_M_fbcr,4MXB,fbcr,B4,13,A186,B111,A186-B111,1,4687,0.0002133560913164071
B4_M_fbcr,4MXB,fbcr,B4,13,A186,B148,A186-B148,1,4687,0.0002133560913164071
B4_M_fbcr,4MXB,fbcr,B4,13,A186,B71,A186-B71,2,4687,0.0004267121826328142
B4_M_fbcr,4MXB,fbcr,B4,13,A186,B77,A186-B77,1,4687,0.0002133560913164071
B4_M_fbcr,4MXB,fbcr,B4,13,A186,B78,A186-B78,1,4687,0.0002133560913164071
B4_M_fbcr,4MXB,fbcr,B4,13,A186,B79,A186-B79,813,4687,0.17345850224023895
B4_M_fbcr,4MXB,fbcr,B4,13,A186,B8,A186-B8,1,4687,0.0002133560913164071
B4_M_fbcr,4MXB,fbcr,B4,13,A186,B99,A186-B99,1,4687,0.0002133560913164071
B4_M_fbcr,4MXB,fbcr,B4,13,A191,B84,A191-B84,1,4687,0.0002133560913164071
B4_M_fbcr,4MXB,fbcr,B4,13,A196,B117,A196-B117,2,4687,0.0004267121826328142
B4_M_fbcr,4MXB,fbcr,B4,13,A196,B123,A196-B123,1,4687,0.0002133560913164071
B4_M_fbcr,4MXB,fbcr,B4,13,A196,B171,A196-B171,2,4687,0.0004267121826328142
B4_M_fbcr,4MXB,fbcr,B4,13,A196,B59,A196-B59,1,4687,0.0002133560913164071
B4_M_fbcr,4MXB,fbcr,B4,13,A196,B87,A196-B87,6,4687,0.0012801365478984424
B4_M_fbcr,4MXB,fbcr,B4,13,A63,B151,A63-B151,1,4687,0.0002133560913164071
B4_M_fbcr,4MXB,fbcr,B4,13,A65,B8,A65-B8,3,4687,0.0006400682739492212
B4_M_fbcr,4MXB,fbcr,B4,13,A78,B151,A78-B151,6,4687,0.0012801365478984424
B4_M_fbcr,4MXB,fbcr,B4,13,A78,B77,A78-B77,18,4687,0.0038404096436953274
B4_M_fbcr,4MXB,fbcr,B4,13,A81,B132,A81-B132,31,4687,0.00661403883080862
B4_M_fbcr,4MXB,fbcr,B4,13,A81,B171,A81-B171,1,4687,0.0002133560913164071
B4_M_fbcr,4MXB,fbcr,B4,13,A81,B18,A81-B18,1,4687,0.0002133560913164071
B4_M_fbcr,4MXB,fbcr,B4,13,A81,B27,A81-B27,1,4687,0.0002133560913164071
B4_M_fbcr,4MXB,fbcr,B4,13,A81,B3,A81-B3,5,4687,0.0010667804565820354
B4_M_fbcr,4MXB,fbcr,B4,13,A81,B5,A81-B5,1,4687,0.0002133560913164071
B4_M_fbcr,4MXB,fbcr,B4,13,A81,B8,A81-B8,3161,4687,0.6744186046511628
B4_M_fbcr,4MXB,fbcr,B4,13,A83,B50,A83-B50,2,4687,0.0004267121826328142
B4_M_fbcr,4MXB,fbcr,B4,13,A93,B136,A93-B136,1,4687,0.0002133560913164071
B4_M_fbcr,4MXB,fbcr,B4,13,A97,B8,A97-B8,1,4687,0.0002133560913164071
B4_M_fr,4MXB,fr,B4,3,A126,B137,A126-B137,1,905,0.0011049723756906078
B4_M_fr,4MXB,fr,B4,3,A143,B84,A143-B84,87,905,0.09613259668508287
B4_M_fr,4MXB,fr,B4,3,A152,B100,A152-B100,3,905,0.0033149171270718232
B4_M_fr,4MXB,fr,B4,3,A152,B110,A152-B110,3,905,0.0033149171270718232
B4_M_fr,4MXB,fr,B4,3,A152,B151,A152-B151,11,905,0.012154696132596685
B4_M_fr,4MXB,fr,B4,3,A153,B30,A153-B30,8,905,0.008839779005524863
B4_M_fr,4MXB,fr,B4,3,A153,B6,A153-B6,7,905,0.0077348066298342545
B4_M_fr,4MXB,fr,B4,3,A159,B49,A159-B49,1,905,0.0011049723756906078
B4_M_fr,4MXB,fr,B4,3,A159,B77,A159-B77,2,905,0.0022099447513812156
B4_M_fr,4MXB,fr,B4,3,A176,B101,A176-B101,1,905,0.0011049723756906078
B4_M_fr,4MXB,fr,B4,3,A186,B30,A186-B30,1,905,0.0011049723756906078
B4_M_fr,4MXB,fr,B4,3,A186,B79,A186-B79,2,905,0.0022099447513812156
B4_M_fr,4MXB,fr,B4,3,A196,B117,A196-B117,39,905,0.0430939226519337
B4_M_fr,4MXB,fr,B4,3,A196,B122,A196-B122,4,905,0.004419889502762431
B4_M_fr,4MXB,fr,B4,3,A196,B15,A196-B15,12,905,0.013259668508287293
B4_M_fr,4MXB,fr,B4,3,A196,B150,A196-B150,3,905,0.0033149171270718232
B4_M_fr,4MXB,fr,B4,3,A196,B163,A196-B163,1,905,0.0011049723756906078
B4_M_fr,4MXB,fr,B4,3,A196,B171,A196-B171,16,905,0.017679558011049725
B4_M_fr,4MXB,fr,B4,3,A196,B2,A196-B2,6,905,0.0066298342541436465
B4_M_fr,4MXB,fr,B4,3,A196,B27,A196-B27,31,905,0.03425414364640884
B4_M_fr,4MXB,fr,B4,3,A196,B30,A196-B30,7,905,0.0077348066298342545
B4_M_fr,4MXB,fr,B4,3,A196,B59,A196-B59,31,905,0.03425414364640884
B4_M_fr,4MXB,fr,B4,3,A196,B8,A196-B8,3,905,0.0033149171270718232
B4_M_fr,4MXB,fr,B4,3,A196,B85,A196-B85,1,905,0.0011049723756906078
B4_M_fr,4MXB,fr,B4,3,A196,B87,A196-B87,82,905,0.09060773480662983
B4_M_fr,4MXB,fr,B4,3,A20,B178,A20-B178,1,905,0.0011049723756906078
B4_M_fr,4MXB,fr,B4,3,A20,B30,A20-B30,4,905,0.004419889502762431
B4_M_fr,4MXB,fr,B4,3,A20,B60,A20-B60,1,905,0.0011049723756906078
B4_M_fr,4MXB,fr,B4,3,A20,B8,A20-B8,1,905,0.0011049723756906078
B4_M_fr,4MXB,fr,B4,3,A63,B151,A63-B151,5,905,0.0055248618784530384
B4_M_fr,4MXB,fr,B4,3,A63,B75,A63-B75,1,905,0.0011049723756906078
B4_M_fr,4MXB,fr,B4,3,A65,B8,A65-B8,1,905,0.0011049723756906078
B4_M_fr,4MXB,fr,B4,3,A78,B103,A78-B103,2,905,0.0022099447513812156
B4_M_fr,4MXB,fr,B4,3,A78,B137,A78-B137,39,905,0.0430939226519337
B4_M_fr,4MXB,fr,B4,3,A78,B150,A78-B150,1,905,0.0011049723756906078
B4_M_fr,4MXB,fr,B4,3,A78,B151,A78-B151,27,905,0.02983425414364641
B4_M_fr,4MXB,fr,B4,3,A78,B171,A78-B171,1,905,0.0011049723756906078
B4_M_fr,4MXB,fr,B4,3,A78,B70,A78-B70,1,905,0.0011049723756906078
B4_M_fr,4MXB,fr,B4,3,A78,B77,A78-B77,74,905,0.08176795580110498
B4_M_fr,4MXB,fr,B4,3,A78,B84,A78-B84,15,905,0.016574585635359115
B4_M_fr,4MXB,fr,B4,3,A81,B132,A81-B132,35,905,0.03867403314917127
B4_M_fr,4MXB,fr,B4,3,A81,B140,A81-B140,5,905,0.0055248618784530384
B4_M_fr,4MXB,fr,B4,3,A81,B171,A81-B171,1,905,0.0011049723756906078
B4_M_fr,4MXB,fr,B4,3,A81,B18,A81-B18,10,905,0.011049723756906077
B4_M_fr,4MXB,fr,B4,3,A81,B27,A81-B27,9,905,0.009944751381215469
B4_M_fr,4MXB,fr,B4,3,A81,B51,A81-B51,4,905,0.004419889502762431
B4_M_fr,4MXB,fr,B4,3,A81,B6,A81-B6,1,905,0.0011049723756906078
B4_M_fr,4MXB,fr,B4,3,A81,B65,A81-B65,3,905,0.0033149171270718232
B4_M_fr,4MXB,fr,B4,3,A81,B75,A81-B75,8,905,0.008839779005524863
B4_M_fr,4MXB,fr,B4,3,A81,B8,A81-B8,246,905,0.2718232044198895
B4_M_fr,4MXB,fr,B4,3,A81,B84,A81-B84,3,905,0.0033149171270718232
B4_M_fr,4MXB,fr,B4,3,A83,B50,A83-B50,2,905,0.0022099447513812156
B4_M_fr,4MXB,fr,B4,3,A90,B119,A90-B119,1,905,0.0011049723756906078
B4_M_fr,4MXB,fr,B4,3,A90,B120,A90-B120,9,905,0.009944751381215469
B4_M_fr,4MXB,fr,B4,3,A90,B145,A90-B145,6,905,0.0066298342541436465
B4_M_fr,4MXB,fr,B4,3,A90,B151,A90-B151,7,905,0.0077348066298342545
B4_M_fr,4MXB,fr,B4,3,A90,B155,A90-B155,7,905,0.0077348066298342545
B4_M_fr,4MXB,fr,B4,3,A90,B159,A90-B159,1,905,0.0011049723756906078
B4_M_fr,4MXB,fr,B4,3,A90,B23,A90-B23,1,905,0.0011049723756906078
B4_M_fr,4MXB,fr,B4,3,A90,B47,A90-B47,1,905,0.0011049723756906078
B4_M_fr,4MXB,fr,B4,3,A90,B59,A90-B59,2,905,0.0022099447513812156
B4_M_fr,4MXB,fr,B4,3,A96,B140,A96-B140,1,905,0.0011049723756906078
B4_M_fr,4MXB,fr,B4,3,A96,B75,A96-B75,4,905,0.004419889502762431
B4_M_fr,4MXB,fr,B4,3,A96,B91,A96-B91,1,905,0.0011049723756906078
B4_M_fr,4MXB,fr,B4,4,A102,B120,A102-B120,1,2221,0.00045024763619990995
B4_M_fr,4MXB,fr,B4,4,A143,B100,A143-B100,1,2221,0.00045024763619990995
B4_M_fr,4MXB,fr,B4,4,A143,B84,A143-B84,446,2221,0.20081044574515983
B4_M_fr,4MXB,fr,B4,4,A143,B92,A143-B92,1,2221,0.00045024763619990995
B4_M_fr,4MXB,fr,B4,4,A15,B84,A15-B84,1,2221,0.00045024763619990995
B4_M_fr,4MXB,fr,B4,4,A152,B100,A152-B100,12,2221,0.005402971634398919
B4_M_fr,4MXB,fr,B4,4,A152,B110,A152-B110,3,2221,0.0013507429085997298
B4_M_fr,4MXB,fr,B4,4,A152,B151,A152-B151,6,2221,0.0027014858171994596
B4_M_fr,4MXB,fr,B4,4,A153,B30,A153-B30,17,2221,0.00765420981539847
B4_M_fr,4MXB,fr,B4,4,A153,B6,A153-B6,11,2221,0.00495272399819901
B4_M_fr,4MXB,fr,B4,4,A159,B77,A159-B77,1,2221,0.00045024763619990995
B4_M_fr,4MXB,fr,B4,4,A176,B120,A176-B120,1,2221,0.00045024763619990995
B4_M_fr,4MXB,fr,B4,4,A176,B131,A176-B131,1,2221,0.00045024763619990995
B4_M_fr,4MXB,fr,B4,4,A176,B65,A176-B65,1,2221,0.00045024763619990995
B4_M_fr,4MXB,fr,B4,4,A186,B30,A186-B30,1,2221,0.00045024763619990995
B4_M_fr,4MXB,fr,B4,4,A186,B79,A186-B79,4,2221,0.0018009905447996398
B4_M_fr,4MXB,fr,B4,4,A196,B117,A196-B117,113,2221,0.050877982890589826
B4_M_fr,4MXB,fr,B4,4,A196,B122,A196-B122,8,2221,0.0036019810895992796
B4_M_fr,4MXB,fr,B4,4,A196,B123,A196-B123,1,2221,0.00045024763619990995
B4_M_fr,4MXB,fr,B4,4,A196,B15,A196-B15,10,2221,0.004502476361999099
B4_M_fr,4MXB,fr,B4,4,A196,B150,A196-B150,8,2221,0.0036019810895992796
B4_M_fr,4MXB,fr,B4,4,A196,B171,A196-B171,19,2221,0.008554705087798289
B4_M_fr,4MXB,fr,B4,4,A196,B2,A196-B2,12,2221,0.005402971634398919
B4_M_fr,4MXB,fr,B4,4,A196,B27,A196-B27,39,2221,0.017559657811796487
B4_M_fr,4MXB,fr,B4,4,A196,B30,A196-B30,10,2221,0.004502476361999099
B4_M_fr,4MXB,fr,B4,4,A196,B59,A196-B59,67,2221,0.030166591625393965
B4_M_fr,4MXB,fr,B4,4,A196,B8,A196-B8,7,2221,0.0031517334533993696
B4_M_fr,4MXB,fr,B4,4,A196,B87,A196-B87,157,2221,0.07068887888338586
B4_M_fr,4MXB,fr,B4,4,A196,B91,A196-B91,1,2221,0.00045024763619990995
B4_M_fr,4MXB,fr,B4,4,A20,B84,A20-B84,1,2221,0.00045024763619990995
B4_M_fr,4MXB,fr,B4,4,A63,B147,A63-B147,1,2221,0.00045024763619990995
B4_M_fr,4MXB,fr,B4,4,A63,B151,A63-B151,7,2221,0.0031517334533993696
B4_M_fr,4MXB,fr,B4,4,A63,B75,A63-B75,2,2221,0.0009004952723998199
B4_M_fr,4MXB,fr,B4,4,A65,B8,A65-B8,2,2221,0.0009004952723998199
B4_M_fr,4MXB,fr,B4,4,A68,B87,A68-B87,1,2221,0.00045024763619990995
B4_M_fr,4MXB,fr,B4,4,A78,B137,A78-B137,66,2221,0.029716343989194056
B4_M_fr,4MXB,fr,B4,4,A78,B151,A78-B151,53,2221,0.023863124718595228
B4_M_fr,4MXB,fr,B4,4,A78,B171,A78-B171,3,2221,0.0013507429085997298
B4_M_fr,4MXB,fr,B4,4,A78,B65,A78-B65,1,2221,0.00045024763619990995
B4_M_fr,4MXB,fr,B4,4,A78,B70,A78-B70,1,2221,0.00045024763619990995
B4_M_fr,4MXB,fr,B4,4,A78,B77,A78-B77,119,2221,0.053579468707789284
B4_M_fr,4MXB,fr,B4,4,A78,B84,A78-B84,26,2221,0.01170643854119766
B4_M_fr,4MXB,fr,B4,4,A78,B89,A78-B89,1,2221,0.00045024763619990995
B4_M_fr,4MXB,fr,B4,4,A81,B12,A81-B12,1,2221,0.00045024763619990995
B4_M_fr,4MXB,fr,B4,4,A81,B132,A81-B132,12,2221,0.005402971634398919
B4_M_fr,4MXB,fr,B4,4,A81,B140,A81-B140,2,2221,0.0009004952723998199
B4_M_fr,4MXB,fr,B4,4,A81,B16,A81-B16,1,2221,0.00045024763619990995
B4_M_fr,4MXB,fr,B4,4,A81,B171,A81-B171,1,2221,0.00045024763619990995
B4_M_fr,4MXB,fr,B4,4,A81,B18,A81-B18,9,2221,0.00405222872579919
B4_M_fr,4MXB,fr,B4,4,A81,B27,A81-B27,10,2221,0.004502476361999099
B4_M_fr,4MXB,fr,B4,4,A81,B3,A81-B3,3,2221,0.0013507429085997298
B4_M_fr,4MXB,fr,B4,4,A81,B4,A81-B4,2,2221,0.0009004952723998199
B4_M_fr,4MXB,fr,B4,4,A81,B40,A81-B40,4,2221,0.0018009905447996398
B4_M_fr,4MXB,fr,B4,4,A81,B51,A81-B51,4,2221,0.0018009905447996398
B4_M_fr,4MXB,fr,B4,4,A81,B75,A81-B75,11,2221,0.00495272399819901
B4_M_fr,4MXB,fr,B4,4,A81,B8,A81-B8,876,2221,0.3944169293111211
B4_M_fr,4MXB,fr,B4,4,A81,B84,A81-B84,4,2221,0.0018009905447996398
B4_M_fr,4MXB,fr,B4,4,A82,B8,A82-B8,1,2221,0.00045024763619990995
B4_M_fr,4MXB,fr,B4,4,A83,B50,A83-B50,1,2221,0.00045024763619990995
B4_M_fr,4MXB,fr,B4,4,A90,B103,A90-B103,1,2221,0.00045024763619990995
B4_M_fr,4MXB,fr,B4,4,A90,B119,A90-B119,1,2221,0.00045024763619990995
B4_M_fr,4MXB,fr,B4,4,A90,B120,A90-B120,10,2221,0.004502476361999099
B4_M_fr,4MXB,fr,B4,4,A90,B145,A90-B145,6,2221,0.0027014858171994596
B4_M_fr,4MXB,fr,B4,4,A90,B151,A90-B151,5,2221,0.0022512381809995496
B4_M_fr,4MXB,fr,B4,4,A90,B155,A90-B155,2,2221,0.0009004952723998199
B4_M_fr,4MXB,fr,B4,4,A90,B47,A90-B47,2,2221,0.0009004952723998199
B4_M_fr,4MXB,fr,B4,4,A96,B140,A96-B140,2,2221,0.0009004952723998199
B4_M_fr,4MXB,fr,B4,4,A96,B79,A96-B79,3,2221,0.0013507429085997298
B4_M_fr,4MXB,fr,B4,4,A96,B87,A96-B87,3,2221,0.0013507429085997298
B4_M_fr,4MXB,fr,B4,13,A143,B82,A143-B82,1,1521,0.0006574621959237344
B4_M_fr,4MXB,fr,B4,13,A143,B84,A143-B84,201,1521,0.13214990138067062
B4_M_fr,4MXB,fr,B4,13,A152,B100,A152-B100,2,1521,0.0013149243918474688
B4_M_fr,4MXB,fr,B4,13,A153,B30,A153-B30,1,1521,0.0006574621959237344
B4_M_fr,4MXB,fr,B4,13,A186,B15,A186-B15,1,1521,0.0006574621959237344
B4_M_fr,4MXB,fr,B4,13,A186,B79,A186-B79,256,1521,0.168310322156476
B4_M_fr,4MXB,fr,B4,13,A196,B87,A196-B87,1,1521,0.0006574621959237344
B4_M_fr,4MXB,fr,B4,13,A65,B8,A65-B8,1,1521,0.0006574621959237344
B4_M_fr,4MXB,fr,B4,13,A78,B151,A78-B151,3,1521,0.0019723865877712033
B4_M_fr,4MXB,fr,B4,13,A78,B77,A78-B77,5,1521,0.003287310979618672
B4_M_fr,4MXB,fr,B4,13,A78,B84,A78-B84,1,1521,0.0006574621959237344
B4_M_fr,4MXB,fr,B4,13,A81,B132,A81-B132,14,1521,0.009204470742932281
B4_M_fr,4MXB,fr,B4,13,A81,B3,A81-B3,1,1521,0.0006574621959237344
B4_M_fr,4MXB,fr,B4,13,A81,B7,A81-B7,1,1521,0.0006574621959237344
B4_M_fr,4MXB,fr,B4,13,A81,B77,A81-B77,1,1521,0.0006574621959237344
B4_M_fr,4MXB,fr,B4,13,A81,B8,A81-B8,1030,1521,0.6771860618014465
B4_M_fr,4MXB,fr,B4,13,A93,B8,A93-B8,1,1521,0.0006574621959237344
