Sample,DNA_construct,Replicate,Candidate,verA,verB,n_obs_timepoints,total_reads,max_count,transfers_observed,freq_T3,freq_T13,s_per_cycle,se_per_cycle,r2_per_cycle,s_per_generation,se_per_generation,s_per_hour_measured,s_per_hour_nominal,monotonic,quality,estimable,sweep_winner
B4_M_bcfr,4MXB,bcfr,A186-B79,A186,B79,3,785,759,"3,4,13",0.004108885464817668,0.199264898923602,0.5540908196074537,0.033362917240268374,0.9963876115405512,0.16693281584649974,0.01338010803017256,0.020988288621494457,0.055409081960745364,False,good,True,False
B4_M_bcfr,4MXB,bcfr,A143-B92,A143,B92,1,2,2,13,0.0,0.0005250721974271463,0.30614223176078204,0.003335831391760546,0.9998812837597619,0.09272250936417692,0.0012416853228026691,0.01159629665760538,0.030614223176078204,False,none,False,False
B4_M_bcfr,4MXB,bcfr,A113-B8,A113,B8,1,1,1,13,0.0,0.00026253609871357313,0.2526576105572001,0.007273814077547097,0.9991718675157517,0.07653103612850308,0.00017682896305582286,0.00957036403625758,0.02526576105572001,False,none,False,False
B4_M_bcfr,4MXB,bcfr,A122-B79,A122,B79,1,1,1,13,0.0,0.00026253609871357313,0.2526576105572001,0.007273814077547097,0.9991718675157517,0.07653103612850308,0.00017682896305582286,0.00957036403625758,0.02526576105572001,False,none,False,False
B4_M_bcfr,4MXB,bcfr,A143-B76,A143,B76,1,1,1,13,0.0,0.00026253609871357313,0.2526576105572001,0.007273814077547097,0.9991718675157517,0.07653103612850308,0.00017682896305582286,0.00957036403625758,0.02526576105572001,False,none,False,False
B4_M_bcfr,4MXB,bcfr,A143-B8,A143,B8,1,1,1,13,0.0,0.00026253609871357313,0.2526576105572001,0.007273814077547097,0.9991718675157517,0.07653103612850308,0.00017682896305582286,0.00957036403625758,0.02526576105572001,False,none,False,False
B4_M_bcfr,4MXB,bcfr,A143-B89,A143,B89,1,1,1,13,0.0,0.00026253609871357313,0.2526576105572001,0.007273814077547097,0.9991718675157517,0.07653103612850308,0.00017682896305582286,0.00957036403625758,0.02526576105572001,False,none,False,False
B4_M_bcfr,4MXB,bcfr,A186-B111,A186,B111,1,1,1,13,0.0,0.00026253609871357313,0.2526576105572001,0.007273814077547097,0.9991718675157517,0.07653103612850308,0.00017682896305582286,0.00957036403625758,0.02526576105572001,False,none,False,False
B4_M_bcfr,4MXB,bcfr,A186-B148,A186,B148,1,1,1,13,0.0,0.00026253609871357313,0.2526576105572001,0.007273814077547097,0.9991718675157517,0.07653103612850308,0.00017682896305582286,0.00957036403625758,0.02526576105572001,False,none,False,False
B4_M_bcfr,4MXB,bcfr,A186-B15,A186,B15,1,1,1,13,0.0,0.00026253609871357313,0.2526576105572001,0.007273814077547097,0.9991718675157517,0.07653103612850308,0.00017682896305582286,0.00957036403625758,0.02526576105572001,False,none,False,False
B4_M_bcfr,4MXB,bcfr,A186-B99,A186,B99,1,1,1,13,0.0,0.00026253609871357313,0.2526576105572001,0.007273814077547097,0.9991718675157517,0.07653103612850308,0.00017682896305582286,0.00957036403625758,0.02526576105572001,False,none,False,False
B4_M_bcfr,4MXB,bcfr,A78-B155,A78,B155,1,1,1,13,0.0,0.00026253609871357313,0.2526576105572001,0.007273814077547097,0.9991718675157517,0.07653103612850308,0.00017682896305582286,0.00957036403625758,0.02526576105572001,False,none,False,False
B4_M_bcfr,4MXB,bcfr,A82-B77,A82,B77,1,1,1,13,0.0,0.00026253609871357313,0.2526576105572001,0.007273814077547097,0.9991718675157517,0.07653103612850308,0.00017682896305582286,0.00957036403625758,0.02526576105572001,False,none,False,False
B4_M_bcfr,4MXB,bcfr,A93-B8,A93,B8,2,3,2,"4,13",0.0,0.0005250721974271463,0.22028786671611536,0.07775484290575313,0.8892150997588972,0.06801183803104377,0.022078663238803982,0.00834423737561043,0.022028786671611535,True,fair,True,False
B4_M_bcfr,4MXB,bcfr,A81-B8,A81,B8,3,4995,2533,"3,4,13",0.2593733949666153,0.6650039380414807,0.21207964937599674,0.03747161633344838,0.9697269400473523,0.06473137343665628,0.009514287437407754,0.008033320052121089,0.021207964937599674,True,good,True,True
B4_M_bcfr,4MXB,bcfr,A15-B84,A15,B84,2,2,1,"3,13",0.00025680534155110427,0.00026253609871357313,0.16624659922871446,0.06140518155373747,0.8799499195749516,0.049354107703559295,0.01967353092653765,0.006297219667754336,0.016624659922871446,True,fair,True,False
B4_M_bcfr,4MXB,bcfr,A81-B3,A81,B3,2,8,5,"3,13",0.0012840267077555213,0.0007876082961407193,0.11592795817122925,0.09891130585155362,0.5787126193840706,0.03407004383543959,0.030079880172512098,0.004391210536788987,0.011592795817122924,True,fair,True,False
B4_M_bcfr,4MXB,bcfr,A143-B84,A143,B84,3,1662,845,"3,4,13",0.0963020030816641,0.11604095563139932,0.09906712315063364,0.1030830153343831,0.4801419481925606,0.03135154196759956,0.030217570687080024,0.0037525425435846077,0.009906712315063364,False,fair,True,False
B4_M_bcfr,4MXB,bcfr,A78-B150,A78,B150,3,6,3,"3,4,13",0.0005136106831022085,0.00026253609871357313,0.06806287462118626,0.07353293813197087,0.46142603321593534,0.02158446051876537,0.02128600052702365,0.0025781391901964494,0.006806287462118627,False,fair,True,False
B4_M_bcfr,4MXB,bcfr,A1-B87,A1,B87,1,1,1,4,0.0,0.0,0.056767857838445936,0.14670789865791925,0.1302277577050034,0.019179261407848106,0.043990189037687685,0.0021502976453956794,0.0056767857838445936,False,none,False,False
B4_M_bcfr,4MXB,bcfr,A143-B148,A143,B148,1,1,1,4,0.0,0.0,0.056767857838445936,0.14670789865791925,0.1302277577050034,0.019179261407848106,0.043990189037687685,0.0021502976453956794,0.0056767857838445936,False,none,False,False
B4_M_bcfr,4MXB,bcfr,A145-B8,A145,B8,1,1,1,4,0.0,0.0,0.056767857838445936,0.14670789865791925,0.1302277577050034,0.019179261407848106,0.043990189037687685,0.0021502976453956794,0.0056767857838445936,False,none,False,False
B4_M_bcfr,4MXB,bcfr,A151-B19,A151,B19,1,1,1,4,0.0,0.0,0.056767857838445936,0.14670789865791925,0.1302277577050034,0.019179261407848106,0.043990189037687685,0.0021502976453956794,0.0056767857838445936,False,none,False,False
B4_M_bcfr,4MXB,bcfr,A176-B104,A176,B104,1,1,1,4,0.0,0.0,0.056767857838445936,0.14670789865791925,0.1302277577050034,0.019179261407848106,0.043990189037687685,0.0021502976453956794,0.0056767857838445936,False,none,False,False
B4_M_bcfr,4MXB,bcfr,A176-B119,A176,B119,1,1,1,4,0.0,0.0,0.056767857838445936,0.14670789865791925,0.1302277577050034,0.019179261407848106,0.043990189037687685,0.0021502976453956794,0.0056767857838445936,False,none,False,False
B4_M_bcfr,4MXB,bcfr,A193-B77,A193,B77,1,1,1,4,0.0,0.0,0.056767857838445936,0.14670789865791925,0.1302277577050034,0.019179261407848106,0.043990189037687685,0.0021502976453956794,0.0056767857838445936,False,none,False,False
B4_M_bcfr,4MXB,bcfr,A196-B107,A196,B107,1,1,1,4,0.0,0.0,0.056767857838445936,0.14670789865791925,0.1302277577050034,0.019179261407848106,0.043990189037687685,0.0021502976453956794,0.0056767857838445936,False,none,False,False
B4_M_bcfr,4MXB,bcfr,A196-B139,A196,B139,1,1,1,4,0.0,0.0,0.056767857838445936,0.14670789865791925,0.1302277577050034,0.019179261407848106,0.043990189037687685,0.0021502976453956794,0.0056767857838445936,False,none,False,False
B4_M_bcfr,4MXB,bcfr,A196-B151,A196,B151,1,1,1,4,0.0,0.0,0.056767857838445936,0.14670789865791925,0.1302277577050034,0.019179261407848106,0.043990189037687685,0.0021502976453956794,0.0056767857838445936,False,none,False,False
B4_M_bcfr,4MXB,bcfr,A196-B39,A196,B39,1,1,1,4,0.0,0.0,0.056767857838445936,0.14670789865791925,0.1302277577050034,0.019179261407848106,0.043990189037687685,0.0021502976453956794,0.0056767857838445936,False,none,False,False
B4_M_bcfr,4MXB,bcfr,A20-B60,A20,B60,1,1,1,4,0.0,0.0,0.056767857838445936,0.14670789865791925,0.1302277577050034,0.019179261407848106,0.043990189037687685,0.0021502976453956794,0.0056767857838445936,False,none,False,False
B4_M_bcfr,4MXB,bcfr,A63-B117,A63,B117,1,1,1,4,0.0,0.0,0.056767857838445936,0.14670789865791925,0.1302277577050034,0.019179261407848106,0.043990189037687685,0.0021502976453956794,0.0056767857838445936,False,none,False,False
B4_M_bcfr,4MXB,bcfr,A78-B109,A78,B109,1,1,1,4,0.0,0.0,0.056767857838445936,0.14670789865791925,0.1302277577050034,0.019179261407848106,0.043990189037687685,0.0021502976453956794,0.0056767857838445936,False,none,False,False
B4_M_bcfr,4MXB,bcfr,A78-B68,A78,B68,1,1,1,4,0.0,0.0,0.056767857838445936,0.14670789865791925,0.1302277577050034,0.019179261407848106,0.043990189037687685,0.0021502976453956794,0.0056767857838445936,False,none,False,False
B4_M_bcfr,4MXB,bcfr,A78-B73,A78,B73,1,1,1,4,0.0,0.0,0.056767857838445936,0.14670789865791925,0.1302277577050034,0.019179261407848106,0.043990189037687685,0.0021502976453956794,0.0056767857838445936,False,none,False,False
B4_M_bcfr,4MXB,bcfr,A81-B136,A81,B136,1,1,1,4,0.0,0.0,0.056767857838445936,0.14670789865791925,0.1302277577050034,0.019179261407848106,0.043990189037687685,0.0021502976453956794,0.0056767857838445936,False,none,False,False
B4_M_bcfr,4MXB,bcfr,A83-B137,A83,B137,1,1,1,4,0.0,0.0,0.056767857838445936,0.14670789865791925,0.1302277577050034,0.019179261407848106,0.043990189037687685,0.0021502976453956794,0.0056767857838445936,False,none,False,False
B4_M_bcfr,4MXB,bcfr,A90-B26,A90,B26,1,1,1,4,0.0,0.0,0.056767857838445936,0.14670789865791925,0.1302277577050034,0.019179261407848106,0.043990189037687685,0.0021502976453956794,0.0056767857838445936,False,none,False,False
B4_M_bcfr,4MXB,bcfr,A132-B117,A132,B117,1,1,1,3,0.00025680534155110427,0.0,0.049954465190266986,0.07833932793077501,0.2890760396671228,0.01406320602808325,0.023968601804634764,0.0018922145905404162,0.004995446519026699,False,none,False,False
B4_M_bcfr,4MXB,bcfr,A132-B171,A132,B171,1,1,1,3,0.00025680534155110427,0.0,0.049954465190266986,0.07833932793077501,0.2890760396671228,0.01406320602808325,0.023968601804634764,0.0018922145905404162,0.004995446519026699,False,none,False,False
B4_M_bcfr,4MXB,bcfr,A143-B145,A143,B145,1,1,1,3,0.00025680534155110427,0.0,0.049954465190266986,0.07833932793077501,0.2890760396671228,0.01406320602808325,0.023968601804634764,0.0018922145905404162,0.004995446519026699,False,none,False,False
B4_M_bcfr,4MXB,bcfr,A143-B77,A143,B77,1,1,1,3,0.00025680534155110427,0.0,0.049954465190266986,0.07833932793077501,0.2890760396671228,0.01406320602808325,0.023968601804634764,0.0018922145905404162,0.004995446519026699,False,none,False,False
B4_M_bcfr,4MXB,bcfr,A147-B6,A147,B6,1,1,1,3,0.00025680534155110427,0.0,0.049954465190266986,0.07833932793077501,0.2890760396671228,0.01406320602808325,0.023968601804634764,0.0018922145905404162,0.004995446519026699,False,none,False,False
B4_M_bcfr,4MXB,bcfr,A153-B8,A153,B8,1,1,1,3,0.00025680534155110427,0.0,0.049954465190266986,0.07833932793077501,0.2890760396671228,0.01406320602808325,0.023968601804634764,0.0018922145905404162,0.004995446519026699,False,none,False,False
B4_M_bcfr,4MXB,bcfr,A176-B120,A176,B120,1,1,1,3,0.00025680534155110427,0.0,0.049954465190266986,0.07833932793077501,0.2890760396671228,0.01406320602808325,0.023968601804634764,0.0018922145905404162,0.004995446519026699,False,none,False,False
B4_M_bcfr,4MXB,bcfr,A176-B132,A176,B132,1,1,1,3,0.00025680534155110427,0.0,0.049954465190266986,0.07833932793077501,0.2890760396671228,0.01406320602808325,0.023968601804634764,0.0018922145905404162,0.004995446519026699,False,none,False,False
B4_M_bcfr,4MXB,bcfr,A186-B115,A186,B115,1,1,1,3,0.00025680534155110427,0.0,0.049954465190266986,0.07833932793077501,0.2890760396671228,0.01406320602808325,0.023968601804634764,0.0018922145905404162,0.004995446519026699,False,none,False,False
B4_M_bcfr,4MXB,bcfr,A186-B75,A186,B75,1,1,1,3,0.00025680534155110427,0.0,0.049954465190266986,0.07833932793077501,0.2890760396671228,0.01406320602808325,0.023968601804634764,0.0018922145905404162,0.004995446519026699,False,none,False,False
B4_M_bcfr,4MXB,bcfr,A196-B120,A196,B120,1,1,1,3,0.00025680534155110427,0.0,0.049954465190266986,0.07833932793077501,0.2890760396671228,0.01406320602808325,0.023968601804634764,0.0018922145905404162,0.004995446519026699,False,none,False,False
B4_M_bcfr,4MXB,bcfr,A196-B163,A196,B163,1,1,1,3,0.00025680534155110427,0.0,0.049954465190266986,0.07833932793077501,0.2890760396671228,0.01406320602808325,0.023968601804634764,0.0018922145905404162,0.004995446519026699,False,none,False,False
B4_M_bcfr,4MXB,bcfr,A196-B19,A196,B19,1,1,1,3,0.00025680534155110427,0.0,0.049954465190266986,0.07833932793077501,0.2890760396671228,0.01406320602808325,0.023968601804634764,0.0018922145905404162,0.004995446519026699,False,none,False,False
B4_M_bcfr,4MXB,bcfr,A196-B23,A196,B23,1,1,1,3,0.00025680534155110427,0.0,0.049954465190266986,0.07833932793077501,0.2890760396671228,0.01406320602808325,0.023968601804634764,0.0018922145905404162,0.004995446519026699,False,none,False,False
B4_M_bcfr,4MXB,bcfr,A20-B8,A20,B8,1,1,1,3,0.00025680534155110427,0.0,0.049954465190266986,0.07833932793077501,0.2890760396671228,0.01406320602808325,0.023968601804634764,0.0018922145905404162,0.004995446519026699,False,none,False,False
B4_M_bcfr,4MXB,bcfr,A23-B151,A23,B151,1,1,1,3,0.00025680534155110427,0.0,0.049954465190266986,0.07833932793077501,0.2890760396671228,0.01406320602808325,0.023968601804634764,0.0018922145905404162,0.004995446519026699,False,none,False,False
B4_M_bcfr,4MXB,bcfr,A23-B87,A23,B87,1,1,1,3,0.00025680534155110427,0.0,0.049954465190266986,0.07833932793077501,0.2890760396671228,0.01406320602808325,0.023968601804634764,0.0018922145905404162,0.004995446519026699,False,none,False,False
B4_M_bcfr,4MXB,bcfr,A25-B30,A25,B30,1,1,1,3,0.00025680534155110427,0.0,0.049954465190266986,0.07833932793077501,0.2890760396671228,0.01406320602808325,0.023968601804634764,0.0018922145905404162,0.004995446519026699,False,none,False,False
B4_M_bcfr,4MXB,bcfr,A4-B171,A4,B171,1,1,1,3,0.00025680534155110427,0.0,0.049954465190266986,0.07833932793077501,0.2890760396671228,0.01406320602808325,0.023968601804634764,0.0018922145905404162,0.004995446519026699,False,none,False,False
B4_M_bcfr,4MXB,bcfr,A60-B151,A60,B151,1,1,1,3,0.00025680534155110427,0.0,0.049954465190266986,0.07833932793077501,0.2890760396671228,0.01406320602808325,0.023968601804634764,0.0018922145905404162,0.004995446519026699,False,none,False,False
B4_M_bcfr,4MXB,bcfr,A63-B147,A63,B147,1,1,1,3,0.00025680534155110427,0.0,0.049954465190266986,0.07833932793077501,0.2890760396671228,0.01406320602808325,0.023968601804634764,0.0018922145905404162,0.004995446519026699,False,none,False,False
B4_M_bcfr,4MXB,bcfr,A63-B23,A63,B23,1,1,1,3,0.00025680534155110427,0.0,0.049954465190266986,0.07833932793077501,0.2890760396671228,0.01406320602808325,0.023968601804634764,0.0018922145905404162,0.004995446519026699,False,none,False,False
B4_M_bcfr,4MXB,bcfr,A63-B75,A63,B75,1,1,1,3,0.00025680534155110427,0.0,0.049954465190266986,0.07833932793077501,0.2890760396671228,0.01406320602808325,0.023968601804634764,0.0018922145905404162,0.004995446519026699,False,none,False,False
B4_M_bcfr,4MXB,bcfr,A68-B27,A68,B27,1,1,1,3,0.00025680534155110427,0.0,0.049954465190266986,0.07833932793077501,0.2890760396671228,0.01406320602808325,0.023968601804634764,0.0018922145905404162,0.004995446519026699,False,none,False,False
B4_M_bcfr,4MXB,bcfr,A74-B23,A74,B23,1,1,1,3,0.00025680534155110427,0.0,0.049954465190266986,0.07833932793077501,0.2890760396671228,0.01406320602808325,0.023968601804634764,0.0018922145905404162,0.004995446519026699,False,none,False,False
B4_M_bcfr,4MXB,bcfr,A78-B142,A78,B142,1,1,1,3,0.00025680534155110427,0.0,0.049954465190266986,0.07833932793077501,0.2890760396671228,0.01406320602808325,0.023968601804634764,0.0018922145905404162,0.004995446519026699,False,none,False,False
B4_M_bcfr,4MXB,bcfr,A78-B23,A78,B23,1,1,1,3,0.00025680534155110427,0.0,0.049954465190266986,0.07833932793077501,0.2890760396671228,0.01406320602808325,0.023968601804634764,0.0018922145905404162,0.004995446519026699,False,none,False,False
B4_M_bcfr,4MXB,bcfr,A78-B9,A78,B9,1,1,1,3,0.00025680534155110427,0.0,0.049954465190266986,0.07833932793077501,0.2890760396671228,0.01406320602808325,0.023968601804634764,0.0018922145905404162,0.004995446519026699,False,none,False,False
B4_M_bcfr,4MXB,bcfr,A78-B93,A78,B93,1,1,1,3,0.00025680534155110427,0.0,0.049954465190266986,0.07833932793077501,0.2890760396671228,0.01406320602808325,0.023968601804634764,0.0018922145905404162,0.004995446519026699,False,none,False,False
B4_M_bcfr,4MXB,bcfr,A78-B97,A78,B97,1,1,1,3,0.00025680534155110427,0.0,0.049954465190266986,0.07833932793077501,0.2890760396671228,0.01406320602808325,0.023968601804634764,0.0018922145905404162,0.004995446519026699,False,none,False,False
B4_M_bcfr,4MXB,bcfr,A81-B137,A81,B137,1,1,1,3,0.00025680534155110427,0.0,0.049954465190266986,0.07833932793077501,0.2890760396671228,0.01406320602808325,0.023968601804634764,0.0018922145905404162,0.004995446519026699,False,none,False,False
B4_M_bcfr,4MXB,bcfr,A81-B15,A81,B15,1,1,1,3,0.00025680534155110427,0.0,0.049954465190266986,0.07833932793077501,0.2890760396671228,0.01406320602808325,0.023968601804634764,0.0018922145905404162,0.004995446519026699,False,none,False,False
B4_M_bcfr,4MXB,bcfr,A81-B5,A81,B5,1,1,1,3,0.00025680534155110427,0.0,0.049954465190266986,0.07833932793077501,0.2890760396671228,0.01406320602808325,0.023968601804634764,0.0018922145905404162,0.004995446519026699,False,none,False,False
B4_M_bcfr,4MXB,bcfr,A81-B77,A81,B77,1,1,1,3,0.00025680534155110427,0.0,0.049954465190266986,0.07833932793077501,0.2890760396671228,0.01406320602808325,0.023968601804634764,0.0018922145905404162,0.004995446519026699,False,none,False,False
B4_M_bcfr,4MXB,bcfr,A89-B119,A89,B119,1,1,1,3,0.00025680534155110427,0.0,0.049954465190266986,0.07833932793077501,0.2890760396671228,0.01406320602808325,0.023968601804634764,0.0018922145905404162,0.004995446519026699,False,none,False,False
B4_M_bcfr,4MXB,bcfr,A98-B77,A98,B77,1,1,1,3,0.00025680534155110427,0.0,0.049954465190266986,0.07833932793077501,0.2890760396671228,0.01406320602808325,0.023968601804634764,0.0018922145905404162,0.004995446519026699,False,none,False,False
B4_M_bcfr,4MXB,bcfr,A191-B84,A191,B84,2,2,1,"3,4",0.00025680534155110427,0.0,0.0273217563175666,0.046284916198482746,0.2584068284768817,0.00894487607023546,0.01346466674237004,0.0010349150120290379,0.00273217563175666,True,fair,True,False
B4_M_bcfr,4MXB,bcfr,A81-B132,A81,B132,3,129,78,"3,4,13",0.020030816640986132,0.005250721974271462,0.02218609272561714,0.06758587325243087,0.09727581261886287,0.0057426978863427385,0.020479330222705955,0.0008403823002127705,0.002218609272561714,True,fair,True,False
B4_M_bcfr,4MXB,bcfr,A143-B93,A143,B93,1,2,2,4,0.0,0.0,0.004819239017391371,0.21129305352136232,0.0005199488526359541,0.004293215586304174,0.0645478623885869,0.00018254693247694588,0.00048192390173913707,False,none,False,False
B4_M_bcfr,4MXB,bcfr,A78-B103,A78,B103,2,3,2,"3,4",0.00025680534155110427,0.0,0.0031216796674443524,0.13437900162793084,0.0005393610074142519,0.003362880698251917,0.040407565289371825,0.00011824544194864972,0.00031216796674443523,True,fair,True,False
B4_M_bcfr,4MXB,bcfr,A90-B84,A90,B84,2,3,2,"3,4",0.00025680534155110427,0.0,0.0031216796674443524,0.13437900162793084,0.0005393610074142519,0.003362880698251917,0.040407565289371825,0.00011824544194864972,0.00031216796674443523,True,fair,True,False
B4_M_bcfr,4MXB,bcfr,A152-B149,A152,B149,1,2,2,3,0.0005136106831022085,0.0,-0.004824341211084441,0.12482976369677201,0.0014913911097976795,-0.002812719739325475,0.0371377092167733,-0.00018274019738956216,-0.0004824341211084441,False,none,False,False
B4_M_bcfr,4MXB,bcfr,A186-B143,A186,B143,1,2,2,3,0.0005136106831022085,0.0,-0.004824341211084441,0.12482976369677201,0.0014913911097976795,-0.002812719739325475,0.0371377092167733,-0.00018274019738956216,-0.0004824341211084441,False,none,False,False
B4_M_bcfr,4MXB,bcfr,A81-B4,A81,B4,1,2,2,3,0.0005136106831022085,0.0,-0.004824341211084441,0.12482976369677201,0.0014913911097976795,-0.002812719739325475,0.0371377092167733,-0.00018274019738956216,-0.0004824341211084441,False,none,False,False
B4_M_bcfr,4MXB,bcfr,A159-B24,A159,B24,2,3,2,"3,4",0.0005136106831022085,0.0,-0.0110820127039746,0.02113061932269994,0.21571749268478713,-0.003661853768559798,0.006118682042257511,-0.00041977320848388637,-0.00110820127039746,True,fair,True,False
B4_M_bcfr,4MXB,bcfr,A196-B75,A196,B75,2,3,2,"3,4",0.0005136106831022085,0.0,-0.0110820127039746,0.02113061932269994,0.21571749268478713,-0.003661853768559798,0.006118682042257511,-0.00041977320848388637,-0.00110820127039746,True,fair,True,False
B4_M_bcfr,4MXB,bcfr,A196-B85,A196,B85,2,3,2,"3,4",0.0005136106831022085,0.0,-0.0110820127039746,0.02113061932269994,0.21571749268478713,-0.003661853768559798,0.006118682042257511,-0.00041977320848388637,-0.00110820127039746,True,fair,True,False
B4_M_bcfr,4MXB,bcfr,A196-B86,A196,B86,2,3,2,"3,4",0.0005136106831022085,0.0,-0.0110820127039746,0.02113061932269994,0.21571749268478713,-0.003661853768559798,0.006118682042257511,-0.00041977320848388637,-0.00110820127039746,True,fair,True,False
B4_M_bcfr,4MXB,bcfr,A96-B87,A96,B87,2,3,2,"3,4",0.0005136106831022085,0.0,-0.0110820127039746,0.02113061932269994,0.21571749268478713,-0.003661853768559798,0.006118682042257511,-0.00041977320848388637,-0.00110820127039746,True,fair,True,False
B4_M_bcfr,4MXB,bcfr,A90-B18,A90,B18,2,4,3,"3,4",0.00025680534155110427,0.0,-0.01748126517621622,0.20011403172019307,0.007573367786932295,-0.0014314077291686747,0.06069155894738465,-0.0006621691354627358,-0.0017481265176216222,True,fair,True,False
B4_M_bcfr,4MXB,bcfr,A196-B87,A196,B87,2,502,276,"3,4",0.07087827426810478,0.0,-0.020423539093332985,0.29868685445253124,0.0046537598005813585,0.004548921077148474,0.06977330067173523,-0.0007736189050504919,-0.0020423539093332986,True,fair,True,False
B4_M_bcfr,4MXB,bcfr,A152-B100,A152,B100,3,30,19,"3,4,13",0.0023112480739599386,0.0005250721974271463,-0.02728471075820057,0.19755946819585912,0.018717044251471027,-0.004115213894962901,0.05992472486010957,-0.001033511771143961,-0.002728471075820057,False,fair,True,False
B4_M_bcfr,4MXB,bcfr,A90-B47,A90,B47,2,5,3,"3,4",0.0005136106831022085,0.0,-0.03129020941102006,0.13732293465759518,0.049356944625802535,-0.006421514111193925,0.04170816900199919,-0.001185235204962881,-0.003129020941102006,True,fair,True,False
B4_M_bcfr,4MXB,bcfr,A96-B140,A96,B140,2,5,3,"3,4",0.0005136106831022085,0.0,-0.03129020941102006,0.13732293465759518,0.049356944625802535,-0.006421514111193925,0.04170816900199919,-0.001185235204962881,-0.003129020941102006,True,fair,True,False
B4_M_bcfr,4MXB,bcfr,A135-B84,A135,B84,1,3,3,4,0.0,0.0,-0.03161526008125705,0.25412631880502395,0.015241370557672385,-0.006229627809348782,0.07827133856289455,-0.0011975477303506458,-0.003161526008125705,False,none,False,False
B4_M_bcfr,4MXB,bcfr,A196-B6,A196,B6,2,6,4,"3,4",0.0005136106831022085,0.0,-0.04041300282370421,0.19592835427789268,0.040808711905060746,-0.00767273348515255,0.05949352965231664,-0.0015307955615039474,-0.004041300282370422,True,fair,True,False
B4_M_bcfr,4MXB,bcfr,A152-B110,A152,B110,1,3,3,3,0.0007704160246533128,0.0,-0.04300477051777816,0.15504738302766774,0.07143586283380643,-0.014491676695142628,0.04565044707952434,-0.0016289685802188696,-0.004300477051777816,False,none,False,False
B4_M_bcfr,4MXB,bcfr,A162-B137,A162,B137,1,3,3,3,0.0007704160246533128,0.0,-0.04300477051777816,0.15504738302766774,0.07143586283380643,-0.014491676695142628,0.04565044707952434,-0.0016289685802188696,-0.004300477051777816,False,none,False,False
B4_M_bcfr,4MXB,bcfr,A90-B159,A90,B159,1,3,3,3,0.0007704160246533128,0.0,-0.04300477051777816,0.15504738302766774,0.07143586283380643,-0.014491676695142628,0.04565044707952434,-0.0016289685802188696,-0.004300477051777816,False,none,False,False
B4_M_bcfr,4MXB,bcfr,A90-B154,A90,B154,2,4,3,"3,4",0.0007704160246533128,0.0,-0.04416879144416908,0.0694784009843088,0.28782009779969886,-0.01432327362019619,0.01989658212955485,-0.0016730602819761016,-0.004416879144416908,True,fair,True,False
B4_M_bcfr,4MXB,bcfr,A90-B59,A90,B59,2,4,3,"3,4",0.0007704160246533128,0.0,-0.04416879144416908,0.0694784009843088,0.28782009779969886,-0.01432327362019619,0.01989658212955485,-0.0016730602819761016,-0.004416879144416908,True,fair,True,False
B4_M_bcfr,4MXB,bcfr,A20-B84,A20,B84,2,5,3,"3,4",0.0007704160246533128,0.0,-0.04752693192690569,0.013125535202636623,0.9291347708282084,-0.013855338249703891,0.00486901206111502,-0.001800262572988852,-0.004752693192690569,True,fair,True,False
B4_M_bcfr,4MXB,bcfr,A78-B171,A78,B171,2,5,3,"3,4",0.0007704160246533128,0.0,-0.04752693192690569,0.013125535202636623,0.9291347708282084,-0.013855338249703891,0.00486901206111502,-0.001800262572988852,-0.004752693192690569,True,fair,True,False
B4_M_bcfr,4MXB,bcfr,A96-B75,A96,B75,2,5,3,"3,4",0.0007704160246533128,0.0,-0.04752693192690569,0.013125535202636623,0.9291347708282084,-0.013855338249703891,0.00486901206111502,-0.001800262572988852,-0.004752693192690569,True,fair,True,False
B4_M_bcfr,4MXB,bcfr,A81-B12,A81,B12,2,7,4,"3,4",0.0007704160246533128,0.0,-0.0548491486385427,0.14431410324955382,0.1262190237584201,-0.01283924774509909,0.04417106767200843,-0.002077619266611466,-0.00548491486385427,True,fair,True,False
B4_M_bcfr,4MXB,bcfr,A81-B42,A81,B42,2,7,4,"3,4",0.0007704160246533128,0.0,-0.0548491486385427,0.14431410324955382,0.1262190237584201,-0.01283924774509909,0.04417106767200843,-0.002077619266611466,-0.00548491486385427,True,fair,True,False
B4_M_bcfr,4MXB,bcfr,A196-B123,A196,B123,2,14,10,"3,4",0.001027221366204417,0.0,-0.0720430401737029,0.3509093658836359,0.04044492639987751,-0.010861725997298774,0.1055180985647343,-0.0027289030368826857,-0.00720430401737029,True,fair,True,False
B4_M_bcfr,4MXB,bcfr,A20-B178,A20,B178,2,5,4,"3,4",0.001027221366204417,0.0,-0.07204304017370292,0.10678313541851972,0.3127975906110717,-0.023219601542191378,0.0304196368346562,-0.0027289030368826865,-0.007204304017370292,True,fair,True,False
B4_M_bcfr,4MXB,bcfr,A96-B79,A96,B79,2,6,4,"3,4",0.001027221366204417,0.0,-0.07204304017370292,0.030028919572011464,0.851978736686291,-0.021959555598179248,0.0073922619976243015,-0.0027289030368826865,-0.007204304017370292,True,fair,True,False
B4_M_bcfr,4MXB,bcfr,A196-B117,A196,B117,3,494,257,"3,4,13",0.0659989727786338,0.00026253609871357313,-0.07824669556052047,0.3365047238223409,0.05129565402493452,-0.005687202411998918,0.08693960028369967,-0.0029638899833530482,-0.007824669556052048,True,fair,True,False
B4_M_bcfr,4MXB,bcfr,A78-B151,A78,B151,3,262,151,"3,4,13",0.03877760657421674,0.0039380414807035965,-0.08032963468683904,0.002301641965277667,0.9991797097357669,-0.02379278860417106,0.0011264895602406389,-0.003042789192683297,-0.008032963468683905,True,good,True,False
B4_M_bcfr,4MXB,bcfr,A196-B171,A196,B171,2,122,62,"3,4",0.015921931176168466,0.0,-0.08675325484595282,0.34205987263937104,0.06043573221215415,-0.007637131109283836,0.09079460038276735,-0.003286108138104274,-0.008675325484595282,True,fair,True,False
B4_M_bcfr,4MXB,bcfr,A81-B65,A81,B65,2,9,5,"3,4",0.0012840267077555213,0.0,-0.08976536515331293,0.059395053481053124,0.695503516344461,-0.024921077312209317,0.019761870350520995,-0.003400203225504278,-0.008976536515331294,True,fair,True,False
B4_M_bcfr,4MXB,bcfr,A186-B30,A186,B30,2,8,5,"3,4",0.0012840267077555213,0.0,-0.09211144415496467,3.645789306913897e-05,0.9999998433408078,-0.027159286459538277,0.0021593377385128905,-0.0034890698543547224,-0.009211144415496466,True,fair,True,False
B4_M_bcfr,4MXB,bcfr,A159-B49,A159,B49,2,6,5,"3,4",0.0012840267077555213,0.0,-0.09580544733416496,0.137026786120429,0.3283375391498844,-0.030760543442910137,0.03889926178262542,-0.0036289942172032185,-0.009580544733416496,True,fair,True,False
B4_M_bcfr,4MXB,bcfr,A196-B59,A196,B59,3,245,124,"3,4,13",0.030816640986132512,0.00026253609871357313,-0.10210344287162564,0.33385896541041815,0.08553102243964195,-0.012632940029227161,0.09229088351732596,-0.003867554654228244,-0.010210344287162564,True,fair,True,False
B4_M_bcfr,4MXB,bcfr,A20-B30,A20,B30,2,11,6,"3,4",0.0015408320493066256,0.0,-0.10313227505731046,0.07722920818422144,0.6407151201251305,-0.028116745443992477,0.025439775127356155,-0.003906525570352669,-0.010313227505731045,True,fair,True,False
B4_M_bcfr,4MXB,bcfr,A196-B150,A196,B150,2,30,17,"3,4",0.003338469440164355,0.0,-0.10401718956161787,0.30165536170649765,0.10626645472085694,-0.01805586215927055,0.08909075054449755,-0.003940045059152192,-0.010401718956161788,True,fair,True,False
B4_M_bcfr,4MXB,bcfr,A81-B171,A81,B171,1,6,6,3,0.0015408320493066256,0.0,-0.1148310850663846,0.21000704978440013,0.23016889963173326,-0.036371684558967714,0.06110186364316907,-0.004349662313120629,-0.011483108506638461,False,none,False,False
B4_M_bcfr,4MXB,bcfr,A81-B51,A81,B51,2,7,6,"3,4",0.0015408320493066256,0.0,-0.1163842623257857,0.16240498000656298,0.33930530583761864,-0.03726719435404954,0.04598722508123662,-0.004408494785067641,-0.011638426232578571,True,fair,True,False
B4_M_bcfr,4MXB,bcfr,A159-B77,A159,B77,2,18,9,"3,4",0.0023112480739599386,0.0,-0.12144081726173649,0.15814622534031897,0.37094005605184754,-0.029937180695599513,0.04957369375304203,-0.004600030956883958,-0.012144081726173648,True,fair,True,False
B4_M_bcfr,4MXB,bcfr,A81-B40,A81,B40,2,20,10,"3,4",0.0025680534155110425,0.0,-0.12609075050417756,0.16766318771233416,0.3612574803710279,-0.030644082118885377,0.05239354274412248,-0.004776164791824908,-0.012609075050417756,True,fair,True,False
B4_M_bcfr,4MXB,bcfr,A78-B26,A78,B26,2,10,7,"3,4",0.0017976373908577298,0.0,-0.12852654088089546,0.06319438556144592,0.8053133214674592,-0.03924916496531896,0.015452339509196287,-0.004868429578821798,-0.012852654088089546,True,fair,True,False
B4_M_bcfr,4MXB,bcfr,A196-B30,A196,B30,2,26,13,"3,4",0.003338469440164355,0.0,-0.13503390889385963,0.1931110522273589,0.3283893138933115,-0.03141744423903192,0.05967523019177885,-0.005114920791434077,-0.013503390889385963,True,fair,True,False
B4_M_bcfr,4MXB,bcfr,A90-B151,A90,B151,3,59,31,"3,4,13",0.007960965588084233,0.00026253609871357313,-0.1356772053934788,0.11949013516765856,0.5631828127406084,-0.035212418377534624,0.03881253230940357,-0.005139288083086319,-0.01356772053934788,True,fair,True,False
B4_M_bcfr,4MXB,bcfr,A196-B27,A196,B27,2,190,106,"3,4",0.027221366204417053,0.0,-0.13747080859218289,0.2703043513159848,0.20549886305345888,-0.02304797079529294,0.07205874148417808,-0.005207227598188746,-0.013747080859218289,True,fair,True,False
B4_M_bcfr,4MXB,bcfr,A196-B8,A196,B8,2,23,12,"3,4",0.0030816640986132513,0.0,-0.1406324249083977,0.1531474384232387,0.45747719806157205,-0.03486765048954165,0.04858391637235908,-0.005326985791984762,-0.01406324249083977,True,fair,True,False
B4_M_bcfr,4MXB,bcfr,A196-B122,A196,B122,2,17,10,"3,4",0.0025680534155110425,0.0,-0.1478467416933692,0.05353584089433263,0.8840802513153572,-0.041077287971211525,0.020033032900163353,-0.005600255367173076,-0.01478467416933692,True,fair,True,False
B4_M_bcfr,4MXB,bcfr,A153-B30,A153,B30,2,91,49,"3,4",0.012583461736004109,0.0,-0.15425690957873078,0.2570044352196618,0.26484282717417695,-0.029332691888543462,0.07362359844681736,-0.005843064756770106,-0.015425690957873078,True,fair,True,False
B4_M_bcfr,4MXB,bcfr,A81-B84,A81,B84,2,34,18,"3,4",0.004622496147919877,0.0,-0.1575987335990912,0.17785061969852284,0.43984683730969454,-0.03734363477910899,0.05573999471154321,-0.005969648999965577,-0.01575987335990912,True,fair,True,False
B4_M_bcfr,4MXB,bcfr,A81-B27,A81,B27,3,54,33,"3,4,13",0.00847457627118644,0.00026253609871357313,-0.16135325358719874,0.009187300957827165,0.9967684215526426,-0.04636854482531206,0.007535456779495814,-0.0061118656661817705,-0.016135325358719872,True,good,True,False
B4_M_bcfr,4MXB,bcfr,A78-B137,A78,B137,2,389,230,"3,4",0.05906522855675398,0.0,-0.16466536696285505,0.22371830135741272,0.3513877688316257,-0.031118856312968294,0.05815199171029655,-0.0062373245061687526,-0.016466536696285505,True,fair,True,False
B4_M_bcfr,4MXB,bcfr,A90-B119,A90,B119,2,10,9,"3,4",0.0023112480739599386,0.0,-0.1650283907467054,0.2204316029478098,0.35917656748931925,-0.05258598750972929,0.06212759668213514,-0.006251075407072174,-0.01650283907467054,True,fair,True,False
B4_M_bcfr,4MXB,bcfr,A81-B75,A81,B75,2,31,17,"3,4",0.004365690806368772,0.0,-0.16616657714870137,0.14201619319600384,0.5778855489628792,-0.04148382229105006,0.04608593726550055,-0.006294188528359901,-0.016616657714870135,True,fair,True,False
B4_M_bcfr,4MXB,bcfr,A78-B70,A78,B70,2,14,10,"3,4",0.0025680534155110425,0.0,-0.16861118117737597,0.08390335969184229,0.801526017089492,-0.05135527623430555,0.019949114897591002,-0.006386787165809696,-0.0168611181177376,True,fair,True,False
B4_M_bcfr,4MXB,bcfr,A196-B2,A196,B2,2,70,38,"3,4",0.009758602978941962,0.0,-0.16937761023423165,0.22456023492037905,0.36261626006060554,-0.035682195264482144,0.06694932350369724,-0.0064158185694784715,-0.016937761023423165,True,fair,True,False
B4_M_bcfr,4MXB,bcfr,A153-B6,A153,B6,2,66,36,"3,4",0.009244992295839754,0.0,-0.17344416461028442,0.21433587309148497,0.3957089203199221,-0.037449778532490825,0.0646192286371901,-0.006569854720086531,-0.017344416461028443,True,fair,True,False
B4_M_bcfr,4MXB,bcfr,A83-B50,A83,B50,2,13,10,"3,4",0.0025680534155110425,0.0,-0.17414986146354686,0.13506849550509675,0.62440044877585,-0.05422047317813741,0.035214834226842094,-0.006596585661497988,-0.017414986146354686,True,fair,True,False
B4_M_bcfr,4MXB,bcfr,A63-B151,A63,B151,2,23,14,"3,4",0.0035952747817154596,0.0,-0.17946243066088038,0.041457800240611964,0.9493375622744455,-0.04987277552213006,0.01784195735988945,-0.0067978193432151664,-0.01794624306608804,True,fair,True,False
B4_M_bcfr,4MXB,bcfr,A78-B77,A78,B77,3,807,475,"3,4,13",0.12198253723677452,0.0034129692832764505,-0.19161145704284926,0.060762373064887194,0.9086280971772825,-0.05202036154368114,0.02398617272076891,-0.007258009736471564,-0.019161145704284926,True,good,True,False
B4_M_bcfr,4MXB,bcfr,A90-B120,A90,B120,2,48,28,"3,4",0.007190549563430919,0.0,-0.2069223098570704,0.12148088632376644,0.7436778598903964,-0.05186619601116168,0.04154770847596027,-0.00783796628246479,-0.020692230985707043,True,fair,True,False
B4_M_bcfr,4MXB,bcfr,A78-B84,A78,B84,3,101,61,"3,4,13",0.01566512583461736,0.00026253609871357313,-0.20747014159171562,0.05224266440324441,0.9403734362198685,-0.05634873449450329,0.022257843225037346,-0.007858717484534683,-0.020747014159171562,True,good,True,False
B4_M_bcfr,4MXB,bcfr,A81-B140,A81,B140,2,15,14,"3,4",0.0035952747817154596,0.0,-0.2209992291106155,0.2853142616369644,0.3749909906800265,-0.07014840371747487,0.08011254142142372,-0.00837118292085665,-0.02209992291106155,True,fair,True,False
B4_M_bcfr,4MXB,bcfr,A90-B145,A90,B145,2,27,20,"3,4",0.005136106831022085,0.0,-0.25784725649251833,0.1332821401209609,0.7891481452387702,-0.07786907873447868,0.029799182288313224,-0.009766941533807513,-0.025784725649251834,True,fair,True,False
B4_M_bcfr,4MXB,bcfr,A90-B155,A90,B155,2,24,19,"3,4",0.004879301489470981,0.0,-0.2621255360880285,0.1947500020683919,0.6443313739715265,-0.08114808322907309,0.04843580804930512,-0.00992899757909199,-0.02621255360880285,True,fair,True,False
B4_M_bcfr,4MXB,bcfr,A196-B15,A196,B15,2,78,49,"3,4",0.012583461736004109,0.0,-0.271992314719789,0.07230523283957509,0.9339958647736728,-0.06916896434418376,0.030503338960105607,-0.010302739193931402,-0.0271992314719789,True,fair,True,False
B4_M_bcfr,4MXB,bcfr,A152-B151,A152,B151,2,30,23,"3,4",0.005906522855675398,0.0,-0.28426591173172405,0.17351850547741973,0.7285447421692777,-0.08656108631086296,0.04030118192624844,-0.010767648171656215,-0.028426591173172405,True,fair,True,False
B4_M_bcfr,4MXB,bcfr,A81-B18,A81,B18,2,39,31,"3,4",0.007960965588084233,0.0,-0.3383676061725776,0.23015313465817477,0.683688737008418,-0.10334305052684355,0.053718936606953815,-0.012816954779264304,-0.03383676061725776,True,fair,True,False
B4_M_fbcr,4MXB,fbcr,A186-B79,A186,B79,3,846,813,"3,4,13",0.004314063848144953,0.17345850224023895,0.5369481120667331,0.01996344344057314,0.9986195955464746,0.16189049996106594,0.009266487338689905,0.020338943638891407,0.05369481120667331,False,good,True,False
B4_M_fbcr,4MXB,fbcr,A186-B71,A186,B71,1,2,2,13,0.0,0.0004267121826328142,0.3031582349241657,0.01666811585922368,0.9969861377324001,0.09191703594874719,0.0028171959782617127,0.011483266474400218,0.03031582349241657,False,none,False,False
B4_M_fbcr,4MXB,fbcr,A65-B8,A65,B8,2,4,3,"3,13",0.00021570319240724764,0.0006400682739492212,0.256579993278942,0.043668580685590166,0.9718491549706804,0.07668083314830074,0.014711356692531269,0.009718939139353863,0.0256579993278942,True,fair,True,False
B4_M_fbcr,4MXB,fbcr,A101-B8,A101,B8,1,1,1,13,0.0,0.0002133560913164071,0.24983103203081589,0.021809832906198194,0.9924366412117849,0.07579199545581693,0.0045991473851094075,0.009463296667833935,0.02498310320308159,False,none,False,False
B4_M_fbcr,4MXB,fbcr,A130-B79,A130,B79,1,1,1,13,0.0,0.0002133560913164071,0.24983103203081589,0.021809832906198194,0.9924366412117849,0.07579199545581693,0.0045991473851094075,0.009463296667833935,0.02498310320308159,False,none,False,False
B4_M_fbcr,4MXB,fbcr,A143-B68,A143,B68,1,1,1,13,0.0,0.0002133560913164071,0.24983103203081589,0.021809832906198194,0.9924366412117849,0.07579199545581693,0.0045991473851094075,0.009463296667833935,0.02498310320308159,False,none,False,False
B4_M_fbcr,4MXB,fbcr,A154-B79,A154,B79,1,1,1,13,0.0,0.0002133560913164071,0.24983103203081589,0.021809832906198194,0.9924366412117849,0.07579199545581693,0.0045991473851094075,0.009463296667833935,0.02498310320308159,False,none,False,False
B4_M_fbcr,4MXB,fbcr,A186-B111,A186,B111,1,1,1,13,0.0,0.0002133560913164071,0.24983103203081589,0.021809832906198194,0.9924366412117849,0.07579199545581693,0.0045991473851094075,0.009463296667833935,0.02498310320308159,False,none,False,False
B4_M_fbcr,4MXB,fbcr,A186-B148,A186,B148,1,1,1,13,0.0,0.0002133560913164071,0.24983103203081589,0.021809832906198194,0.9924366412117849,0.07579199545581693,0.0045991473851094075,0.009463296667833935,0.02498310320308159,False,none,False,False
B4_M_fbcr,4MXB,fbcr,A186-B77,A186,B77,1,1,1,13,0.0,0.0002133560913164071,0.24983103203081589,0.021809832906198194,0.9924366412117849,0.07579199545581693,0.0045991473851094075,0.009463296667833935,0.02498310320308159,False,none,False,False
B4_M_fbcr,4MXB,fbcr,A186-B78,A186,B78,1,1,1,13,0.0,0.0002133560913164071,0.24983103203081589,0.021809832906198194,0.9924366412117849,0.07579199545581693,0.0045991473851094075,0.009463296667833935,0.02498310320308159,False,none,False,False
B4_M_fbcr,4MXB,fbcr,A186-B8,A186,B8,1,1,1,13,0.0,0.0002133560913164071,0.24983103203081589,0.021809832906198194,0.9924366412117849,0.07579199545581693,0.0045991473851094075,0.009463296667833935,0.02498310320308159,False,none,False,False
B4_M_fbcr,4MXB,fbcr,A186-B99,A186,B99,1,1,1,13,0.0,0.0002133560913164071,0.24983103203081589,0.021809832906198194,0.9924366412117849,0.07579199545581693,0.0045991473851094075,0.009463296667833935,0.02498310320308159,False,none,False,False
B4_M_fbcr,4MXB,fbcr,A191-B84,A191,B84,1,1,1,13,0.0,0.0002133560913164071,0.24983103203081589,0.021809832906198194,0.9924366412117849,0.07579199545581693,0.0045991473851094075,0.009463296667833935,0.02498310320308159,False,none,False,False
B4_M_fbcr,4MXB,fbcr,A81-B5,A81,B5,1,1,1,13,0.0,0.0002133560913164071,0.24983103203081589,0.021809832906198194,0.9924366412117849,0.07579199545581693,0.0045991473851094075,0.009463296667833935,0.02498310320308159,False,none,False,False
B4_M_fbcr,4MXB,fbcr,A93-B136,A93,B136,1,1,1,13,0.0,0.0002133560913164071,0.24983103203081589,0.021809832906198194,0.9924366412117849,0.07579199545581693,0.0045991473851094075,0.009463296667833935,0.02498310320308159,False,none,False,False
B4_M_fbcr,4MXB,fbcr,A97-B8,A97,B8,1,1,1,13,0.0,0.0002133560913164071,0.24983103203081589,0.021809832906198194,0.9924366412117849,0.07579199545581693,0.0045991473851094075,0.009463296667833935,0.02498310320308159,False,none,False,False
B4_M_fbcr,4MXB,fbcr,A81-B8,A81,B8,3,5619,3161,"3,4,13",0.23317515099223468,0.6744186046511628,0.232045831982619,0.04071193491345034,0.9701372950335885,0.07073701205433086,0.010411462481974084,0.008789614847826477,0.0232045831982619,True,good,True,True
B4_M_fbcr,4MXB,fbcr,A81-B3,A81,B3,3,11,5,"3,4,13",0.0006471095772217428,0.0010667804565820354,0.1827263597148173,0.030792824144576278,0.9723856280457929,0.05554388844493676,0.007607296996356123,0.006921453019500656,0.01827263597148173,True,good,True,False
B4_M_fbcr,4MXB,fbcr,A143-B84,A143,B84,3,1714,720,"3,4,13",0.08261432269197584,0.13036057179432473,0.13917103366191966,0.09062838833682035,0.7022159184268464,0.04326348141333769,0.02613100154816722,0.005271630062951503,0.013917103366191966,False,good,True,False
B4_M_fbcr,4MXB,fbcr,A115-B84,A115,B84,1,1,1,3,0.00021570319240724764,0.0,0.0536959585289604,0.057746634590185954,0.4637003101570002,0.015409656371783754,0.01785501538175042,0.002033937823066682,0.00536959585289604,False,none,False,False
B4_M_fbcr,4MXB,fbcr,A132-B15,A132,B15,1,1,1,3,0.00021570319240724764,0.0,0.0536959585289604,0.057746634590185954,0.4637003101570002,0.015409656371783754,0.01785501538175042,0.002033937823066682,0.00536959585289604,False,none,False,False
B4_M_fbcr,4MXB,fbcr,A143-B8,A143,B8,1,1,1,3,0.00021570319240724764,0.0,0.0536959585289604,0.057746634590185954,0.4637003101570002,0.015409656371783754,0.01785501538175042,0.002033937823066682,0.00536959585289604,False,none,False,False
B4_M_fbcr,4MXB,fbcr,A145-B30,A145,B30,1,1,1,3,0.00021570319240724764,0.0,0.0536959585289604,0.057746634590185954,0.4637003101570002,0.015409656371783754,0.01785501538175042,0.002033937823066682,0.00536959585289604,False,none,False,False
B4_M_fbcr,4MXB,fbcr,A146-B137,A146,B137,1,1,1,3,0.00021570319240724764,0.0,0.0536959585289604,0.057746634590185954,0.4637003101570002,0.015409656371783754,0.01785501538175042,0.002033937823066682,0.00536959585289604,False,none,False,False
B4_M_fbcr,4MXB,fbcr,A149-B6,A149,B6,1,1,1,3,0.00021570319240724764,0.0,0.0536959585289604,0.057746634590185954,0.4637003101570002,0.015409656371783754,0.01785501538175042,0.002033937823066682,0.00536959585289604,False,none,False,False
B4_M_fbcr,4MXB,fbcr,A15-B84,A15,B84,1,1,1,3,0.00021570319240724764,0.0,0.0536959585289604,0.057746634590185954,0.4637003101570002,0.015409656371783754,0.01785501538175042,0.002033937823066682,0.00536959585289604,False,none,False,False
B4_M_fbcr,4MXB,fbcr,A152-B126,A152,B126,1,1,1,3,0.00021570319240724764,0.0,0.0536959585289604,0.057746634590185954,0.4637003101570002,0.015409656371783754,0.01785501538175042,0.002033937823066682,0.00536959585289604,False,none,False,False
B4_M_fbcr,4MXB,fbcr,A152-B9,A152,B9,1,1,1,3,0.00021570319240724764,0.0,0.0536959585289604,0.057746634590185954,0.4637003101570002,0.015409656371783754,0.01785501538175042,0.002033937823066682,0.00536959585289604,False,none,False,False
B4_M_fbcr,4MXB,fbcr,A153-B105,A153,B105,1,1,1,3,0.00021570319240724764,0.0,0.0536959585289604,0.057746634590185954,0.4637003101570002,0.015409656371783754,0.01785501538175042,0.002033937823066682,0.00536959585289604,False,none,False,False
B4_M_fbcr,4MXB,fbcr,A176-B33,A176,B33,1,1,1,3,0.00021570319240724764,0.0,0.0536959585289604,0.057746634590185954,0.4637003101570002,0.015409656371783754,0.01785501538175042,0.002033937823066682,0.00536959585289604,False,none,False,False
B4_M_fbcr,4MXB,fbcr,A194-B117,A194,B117,1,1,1,3,0.00021570319240724764,0.0,0.0536959585289604,0.057746634590185954,0.4637003101570002,0.015409656371783754,0.01785501538175042,0.002033937823066682,0.00536959585289604,False,none,False,False
B4_M_fbcr,4MXB,fbcr,A196-B169,A196,B169,1,1,1,3,0.00021570319240724764,0.0,0.0536959585289604,0.057746634590185954,0.4637003101570002,0.015409656371783754,0.01785501538175042,0.002033937823066682,0.00536959585289604,False,none,False,False
B4_M_fbcr,4MXB,fbcr,A196-B85,A196,B85,1,1,1,3,0.00021570319240724764,0.0,0.0536959585289604,0.057746634590185954,0.4637003101570002,0.015409656371783754,0.01785501538175042,0.002033937823066682,0.00536959585289604,False,none,False,False
B4_M_fbcr,4MXB,fbcr,A20-B117,A20,B117,1,1,1,3,0.00021570319240724764,0.0,0.0536959585289604,0.057746634590185954,0.4637003101570002,0.015409656371783754,0.01785501538175042,0.002033937823066682,0.00536959585289604,False,none,False,False
B4_M_fbcr,4MXB,fbcr,A20-B84,A20,B84,1,1,1,3,0.00021570319240724764,0.0,0.0536959585289604,0.057746634590185954,0.4637003101570002,0.015409656371783754,0.01785501538175042,0.002033937823066682,0.00536959585289604,False,none,False,False
B4_M_fbcr,4MXB,fbcr,A49-B27,A49,B27,1,1,1,3,0.00021570319240724764,0.0,0.0536959585289604,0.057746634590185954,0.4637003101570002,0.015409656371783754,0.01785501538175042,0.002033937823066682,0.00536959585289604,False,none,False,False
B4_M_fbcr,4MXB,fbcr,A65-B171,A65,B171,1,1,1,3,0.00021570319240724764,0.0,0.0536959585289604,0.057746634590185954,0.4637003101570002,0.015409656371783754,0.01785501538175042,0.002033937823066682,0.00536959585289604,False,none,False,False
B4_M_fbcr,4MXB,fbcr,A78-B115,A78,B115,1,1,1,3,0.00021570319240724764,0.0,0.0536959585289604,0.057746634590185954,0.4637003101570002,0.015409656371783754,0.01785501538175042,0.002033937823066682,0.00536959585289604,False,none,False,False
B4_M_fbcr,4MXB,fbcr,A78-B149,A78,B149,1,1,1,3,0.00021570319240724764,0.0,0.0536959585289604,0.057746634590185954,0.4637003101570002,0.015409656371783754,0.01785501538175042,0.002033937823066682,0.00536959585289604,False,none,False,False
B4_M_fbcr,4MXB,fbcr,A78-B169,A78,B169,1,1,1,3,0.00021570319240724764,0.0,0.0536959585289604,0.057746634590185954,0.4637003101570002,0.015409656371783754,0.01785501538175042,0.002033937823066682,0.00536959585289604,False,none,False,False
B4_M_fbcr,4MXB,fbcr,A78-B23,A78,B23,1,1,1,3,0.00021570319240724764,0.0,0.0536959585289604,0.057746634590185954,0.4637003101570002,0.015409656371783754,0.01785501538175042,0.002033937823066682,0.00536959585289604,False,none,False,False
B4_M_fbcr,4MXB,fbcr,A78-B87,A78,B87,1,1,1,3,0.00021570319240724764,0.0,0.0536959585289604,0.057746634590185954,0.4637003101570002,0.015409656371783754,0.01785501538175042,0.002033937823066682,0.00536959585289604,False,none,False,False
B4_M_fbcr,4MXB,fbcr,A78-B9,A78,B9,1,1,1,3,0.00021570319240724764,0.0,0.0536959585289604,0.057746634590185954,0.4637003101570002,0.015409656371783754,0.01785501538175042,0.002033937823066682,0.00536959585289604,False,none,False,False
B4_M_fbcr,4MXB,fbcr,A81-B137,A81,B137,1,1,1,3,0.00021570319240724764,0.0,0.0536959585289604,0.057746634590185954,0.4637003101570002,0.015409656371783754,0.01785501538175042,0.002033937823066682,0.00536959585289604,False,none,False,False
B4_M_fbcr,4MXB,fbcr,A81-B15,A81,B15,1,1,1,3,0.00021570319240724764,0.0,0.0536959585289604,0.057746634590185954,0.4637003101570002,0.015409656371783754,0.01785501538175042,0.002033937823066682,0.00536959585289604,False,none,False,False
B4_M_fbcr,4MXB,fbcr,A81-B163,A81,B163,1,1,1,3,0.00021570319240724764,0.0,0.0536959585289604,0.057746634590185954,0.4637003101570002,0.015409656371783754,0.01785501538175042,0.002033937823066682,0.00536959585289604,False,none,False,False
B4_M_fbcr,4MXB,fbcr,A84-B132,A84,B132,1,1,1,3,0.00021570319240724764,0.0,0.0536959585289604,0.057746634590185954,0.4637003101570002,0.015409656371783754,0.01785501538175042,0.002033937823066682,0.00536959585289604,False,none,False,False
B4_M_fbcr,4MXB,fbcr,A90-B147,A90,B147,1,1,1,3,0.00021570319240724764,0.0,0.0536959585289604,0.057746634590185954,0.4637003101570002,0.015409656371783754,0.01785501538175042,0.002033937823066682,0.00536959585289604,False,none,False,False
B4_M_fbcr,4MXB,fbcr,A90-B165,A90,B165,1,1,1,3,0.00021570319240724764,0.0,0.0536959585289604,0.057746634590185954,0.4637003101570002,0.015409656371783754,0.01785501538175042,0.002033937823066682,0.00536959585289604,False,none,False,False
B4_M_fbcr,4MXB,fbcr,A90-B26,A90,B26,1,1,1,3,0.00021570319240724764,0.0,0.0536959585289604,0.057746634590185954,0.4637003101570002,0.015409656371783754,0.01785501538175042,0.002033937823066682,0.00536959585289604,False,none,False,False
B4_M_fbcr,4MXB,fbcr,A90-B84,A90,B84,1,1,1,3,0.00021570319240724764,0.0,0.0536959585289604,0.057746634590185954,0.4637003101570002,0.015409656371783754,0.01785501538175042,0.002033937823066682,0.00536959585289604,False,none,False,False
B4_M_fbcr,4MXB,fbcr,A96-B127,A96,B127,1,1,1,3,0.00021570319240724764,0.0,0.0536959585289604,0.057746634590185954,0.4637003101570002,0.015409656371783754,0.01785501538175042,0.002033937823066682,0.00536959585289604,False,none,False,False
B4_M_fbcr,4MXB,fbcr,A132-B87,A132,B87,1,1,1,4,0.0,0.0,0.04953725424646041,0.16956221727868864,0.07863858802946544,0.01726771332268883,0.05104862932894486,0.0018764111456992581,0.004953725424646041,False,none,False,False
B4_M_fbcr,4MXB,fbcr,A143-B130,A143,B130,1,1,1,4,0.0,0.0,0.04953725424646041,0.16956221727868864,0.07863858802946544,0.01726771332268883,0.05104862932894486,0.0018764111456992581,0.004953725424646041,False,none,False,False
B4_M_fbcr,4MXB,fbcr,A176-B119,A176,B119,1,1,1,4,0.0,0.0,0.04953725424646041,0.16956221727868864,0.07863858802946544,0.01726771332268883,0.05104862932894486,0.0018764111456992581,0.004953725424646041,False,none,False,False
B4_M_fbcr,4MXB,fbcr,A176-B131,A176,B131,1,1,1,4,0.0,0.0,0.04953725424646041,0.16956221727868864,0.07863858802946544,0.01726771332268883,0.05104862932894486,0.0018764111456992581,0.004953725424646041,False,none,False,False
B4_M_fbcr,4MXB,fbcr,A196-B107,A196,B107,1,1,1,4,0.0,0.0,0.04953725424646041,0.16956221727868864,0.07863858802946544,0.01726771332268883,0.05104862932894486,0.0018764111456992581,0.004953725424646041,False,none,False,False
B4_M_fbcr,4MXB,fbcr,A196-B151,A196,B151,1,1,1,4,0.0,0.0,0.04953725424646041,0.16956221727868864,0.07863858802946544,0.01726771332268883,0.05104862932894486,0.0018764111456992581,0.004953725424646041,False,none,False,False
B4_M_fbcr,4MXB,fbcr,A63-B117,A63,B117,1,1,1,4,0.0,0.0,0.04953725424646041,0.16956221727868864,0.07863858802946544,0.01726771332268883,0.05104862932894486,0.0018764111456992581,0.004953725424646041,False,none,False,False
B4_M_fbcr,4MXB,fbcr,A78-B80,A78,B80,1,1,1,4,0.0,0.0,0.04953725424646041,0.16956221727868864,0.07863858802946544,0.01726771332268883,0.05104862932894486,0.0018764111456992581,0.004953725424646041,False,none,False,False
B4_M_fbcr,4MXB,fbcr,A81-B47,A81,B47,1,1,1,4,0.0,0.0,0.04953725424646041,0.16956221727868864,0.07863858802946544,0.01726771332268883,0.05104862932894486,0.0018764111456992581,0.004953725424646041,False,none,False,False
B4_M_fbcr,4MXB,fbcr,A93-B40,A93,B40,1,1,1,4,0.0,0.0,0.04953725424646041,0.16956221727868864,0.07863858802946544,0.01726771332268883,0.05104862932894486,0.0018764111456992581,0.004953725424646041,False,none,False,False
B4_M_fbcr,4MXB,fbcr,A81-B132,A81,B132,3,161,101,"3,4,13",0.02178602243313201,0.00661403883080862,0.047080400242534154,0.06909972961143342,0.3170443902173855,0.013316488607824315,0.021146690029277587,0.0017833484940353848,0.004708040024253415,True,fair,True,False
B4_M_fbcr,4MXB,fbcr,A159-B24,A159,B24,2,2,1,"3,4",0.00021570319240724764,0.0,0.027595634075318374,0.07564315130102471,0.11745664166886371,0.009495990521086822,0.022277612674440585,0.0010452891695196353,0.0027595634075318373,True,fair,True,False
B4_M_fbcr,4MXB,fbcr,A162-B137,A162,B137,2,2,1,"3,4",0.00021570319240724764,0.0,0.027595634075318374,0.07564315130102471,0.11745664166886371,0.009495990521086822,0.022277612674440585,0.0010452891695196353,0.0027595634075318373,True,fair,True,False
B4_M_fbcr,4MXB,fbcr,A4-B117,A4,B117,2,2,1,"3,4",0.00021570319240724764,0.0,0.027595634075318374,0.07564315130102471,0.11745664166886371,0.009495990521086822,0.022277612674440585,0.0010452891695196353,0.0027595634075318373,True,fair,True,False
B4_M_fbcr,4MXB,fbcr,A63-B84,A63,B84,2,2,1,"3,4",0.00021570319240724764,0.0,0.027595634075318374,0.07564315130102471,0.11745664166886371,0.009495990521086822,0.022277612674440585,0.0010452891695196353,0.0027595634075318373,True,fair,True,False
B4_M_fbcr,4MXB,fbcr,A77-B8,A77,B8,2,2,1,"3,4",0.00021570319240724764,0.0,0.027595634075318374,0.07564315130102471,0.11745664166886371,0.009495990521086822,0.022277612674440585,0.0010452891695196353,0.0027595634075318373,True,fair,True,False
B4_M_fbcr,4MXB,fbcr,A78-B109,A78,B109,2,2,1,"3,4",0.00021570319240724764,0.0,0.027595634075318374,0.07564315130102471,0.11745664166886371,0.009495990521086822,0.022277612674440585,0.0010452891695196353,0.0027595634075318373,True,fair,True,False
B4_M_fbcr,4MXB,fbcr,A196-B6,A196,B6,2,3,2,"3,4",0.00021570319240724764,0.0,0.0015461624486939139,0.1673273109728734,8.53767264872296e-05,0.003482531803503286,0.05035728015330061,5.8566759420224013e-05,0.0001546162448693914,True,fair,True,False
B4_M_fbcr,4MXB,fbcr,A78-B150,A78,B150,2,3,2,"3,4",0.00021570319240724764,0.0,0.0015461624486939139,0.1673273109728734,8.53767264872296e-05,0.003482531803503286,0.05035728015330061,5.8566759420224013e-05,0.0001546162448693914,True,fair,True,False
B4_M_fbcr,4MXB,fbcr,A159-B49,A159,B49,1,2,2,3,0.0004314063848144953,0.0,0.000713684705038809,0.104217050851172,4.6893738174791366e-05,-0.0009356473025914352,0.03105752740393279,2.7033511554500342e-05,7.13684705038809e-05,False,none,False,False
B4_M_fbcr,4MXB,fbcr,A20-B60,A20,B60,1,2,2,3,0.0004314063848144953,0.0,0.000713684705038809,0.104217050851172,4.6893738174791366e-05,-0.0009356473025914352,0.03105752740393279,2.7033511554500342e-05,7.13684705038809e-05,False,none,False,False
B4_M_fbcr,4MXB,fbcr,A78-B130,A78,B130,1,2,2,3,0.0004314063848144953,0.0,0.000713684705038809,0.104217050851172,4.6893738174791366e-05,-0.0009356473025914352,0.03105752740393279,2.7033511554500342e-05,7.13684705038809e-05,False,none,False,False
B4_M_fbcr,4MXB,fbcr,A78-B69,A78,B69,1,2,2,3,0.0004314063848144953,0.0,0.000713684705038809,0.104217050851172,4.6893738174791366e-05,-0.0009356473025914352,0.03105752740393279,2.7033511554500342e-05,7.13684705038809e-05,False,none,False,False
B4_M_fbcr,4MXB,fbcr,A81-B6,A81,B6,1,2,2,3,0.0004314063848144953,0.0,0.000713684705038809,0.104217050851172,4.6893738174791366e-05,-0.0009356473025914352,0.03105752740393279,2.7033511554500342e-05,7.13684705038809e-05,False,none,False,False
B4_M_fbcr,4MXB,fbcr,A93-B8,A93,B8,1,2,2,3,0.0004314063848144953,0.0,0.000713684705038809,0.104217050851172,4.6893738174791366e-05,-0.0009356473025914352,0.03105752740393279,2.7033511554500342e-05,7.13684705038809e-05,False,none,False,False
B4_M_fbcr,4MXB,fbcr,A96-B75,A96,B75,1,2,2,3,0.0004314063848144953,0.0,0.000713684705038809,0.104217050851172,4.6893738174791366e-05,-0.0009356473025914352,0.03105752740393279,2.7033511554500342e-05,7.13684705038809e-05,False,none,False,False
B4_M_fbcr,4MXB,fbcr,A102-B120,A102,B120,1,2,2,4,0.0,0.0,-0.004262646047162171,0.23497746475179687,0.00032897524652863996,0.0018320763586936188,0.0719116056032625,-0.00016146386542280951,-0.0004262646047162171,False,none,False,False
B4_M_fbcr,4MXB,fbcr,A186-B30,A186,B30,1,2,2,4,0.0,0.0,-0.004262646047162171,0.23497746475179687,0.00032897524652863996,0.0018320763586936188,0.0719116056032625,-0.00016146386542280951,-0.0004262646047162171,False,none,False,False
B4_M_fbcr,4MXB,fbcr,A20-B126,A20,B126,1,2,2,4,0.0,0.0,-0.004262646047162171,0.23497746475179687,0.00032897524652863996,0.0018320763586936188,0.0719116056032625,-0.00016146386542280951,-0.0004262646047162171,False,none,False,False
B4_M_fbcr,4MXB,fbcr,A20-B178,A20,B178,2,3,2,"3,4",0.0004314063848144953,0.0,-0.007382606520089448,0.010165927812337808,0.345284989551513,-0.0020319413407062625,0.0031574136415637457,-0.0002796441863670246,-0.0007382606520089448,True,fair,True,False
B4_M_fbcr,4MXB,fbcr,A83-B50,A83,B50,3,20,14,"3,4,13",0.0008628127696289905,0.0004267121826328142,-0.008216670669027811,0.2360898968092219,0.0012097934573398472,0.0013538331149013248,0.07184895271438073,-0.00031123752534196255,-0.0008216670669027812,False,fair,True,False
B4_M_fbcr,4MXB,fbcr,A4-B87,A4,B87,2,4,2,"3,4",0.0004314063848144953,0.0,-0.01874442370135024,0.10291279179229859,0.032109367599277516,-0.0035797873322272254,0.03110409887644568,-0.0007100160492935698,-0.0018744423701350242,True,fair,True,False
B4_M_fbcr,4MXB,fbcr,A152-B100,A152,B100,3,45,21,"3,4,13",0.0045297670405522,0.0006400682739492212,-0.036043552194910976,0.11641940894080056,0.08746860599893691,-0.008250886948233416,0.03543081171106437,-0.0013652860679890522,-0.0036043552194910977,False,fair,True,False
B4_M_fbcr,4MXB,fbcr,A20-B11,A20,B11,1,3,3,3,0.0006471095772217428,0.0,-0.03659127694970941,0.13448171579847587,0.06893039948406321,-0.01235849211424103,0.03960309095334632,-0.001386033217792023,-0.003659127694970941,False,none,False,False
B4_M_fbcr,4MXB,fbcr,A63-B147,A63,B147,1,3,3,3,0.0006471095772217428,0.0,-0.03659127694970941,0.13448171579847587,0.06893039948406321,-0.01235849211424103,0.03960309095334632,-0.001386033217792023,-0.003659127694970941,False,none,False,False
B4_M_fbcr,4MXB,fbcr,A68-B117,A68,B117,1,3,3,3,0.0006471095772217428,0.0,-0.03659127694970941,0.13448171579847587,0.06893039948406321,-0.01235849211424103,0.03960309095334632,-0.001386033217792023,-0.003659127694970941,False,none,False,False
B4_M_fbcr,4MXB,fbcr,A96-B140,A96,B140,1,3,3,3,0.0006471095772217428,0.0,-0.03659127694970941,0.13448171579847587,0.06893039948406321,-0.01235849211424103,0.03960309095334632,-0.001386033217792023,-0.003659127694970941,False,none,False,False
B4_M_fbcr,4MXB,fbcr,A81-B171,A81,B171,3,14,10,"3,4,13",0.0021570319240724763,0.0002133560913164071,-0.037465368268464916,0.07000153602405366,0.22266545347037892,-0.01223327680222233,0.02022883255035929,-0.001419142737441853,-0.0037465368268464914,True,fair,True,False
B4_M_fbcr,4MXB,fbcr,A196-B91,A196,B91,2,4,3,"3,4",0.0006471095772217428,0.0,-0.03850787935652291,0.03728790242014352,0.516091409483542,-0.012087812673356747,0.010424059666161212,-0.001458631793807686,-0.003850787935652291,True,fair,True,False
B4_M_fbcr,4MXB,fbcr,A196-B75,A196,B75,2,6,4,"3,4",0.0004314063848144953,0.0,-0.039250718687915284,0.2375655244474906,0.026572475570704857,-0.0063878154129371895,0.07191711543611988,-0.0014867696472695183,-0.003925071868791529,True,fair,True,False
B4_M_fbcr,4MXB,fbcr,A20-B30,A20,B30,2,5,3,"3,4",0.0006471095772217428,0.0,-0.042386225283621785,0.051328722177600185,0.40543870869552745,-0.01154909415643393,0.01611650020026555,-0.0016055388365008253,-0.004238622528362179,True,fair,True,False
B4_M_fbcr,4MXB,fbcr,A90-B47,A90,B47,2,8,5,"3,4",0.0006471095772217428,0.0,-0.053997362646569076,0.2437075377092644,0.046794387182001795,-0.009940722829071835,0.07371459389182085,-0.002045354645703374,-0.005399736264656908,True,fair,True,False
B4_M_fbcr,4MXB,fbcr,A152-B110,A152,B110,2,5,4,"3,4",0.0008628127696289905,0.0,-0.0651113405005432,0.07408925698041505,0.4357709283203016,-0.02059645018927775,0.020843551634736637,-0.002466338655323606,-0.006511134050054319,True,fair,True,False
B4_M_fbcr,4MXB,fbcr,A159-B77,A159,B77,2,5,4,"3,4",0.0008628127696289905,0.0,-0.0651113405005432,0.07408925698041505,0.4357709283203016,-0.02059645018927775,0.020843551634736637,-0.002466338655323606,-0.006511134050054319,True,fair,True,False
B4_M_fbcr,4MXB,fbcr,A78-B142,A78,B142,2,7,4,"3,4",0.0008628127696289905,0.0,-0.0651113405005432,0.08226679017650215,0.38515187742398005,-0.017357366129765264,0.025838882437426287,-0.002466338655323606,-0.006511134050054319,True,fair,True,False
B4_M_fbcr,4MXB,fbcr,A81-B12,A81,B12,2,5,4,"3,4",0.0008628127696289905,0.0,-0.0651113405005432,0.07408925698041505,0.4357709283203016,-0.02059645018927775,0.020843551634736637,-0.002466338655323606,-0.006511134050054319,True,fair,True,False
B4_M_fbcr,4MXB,fbcr,A81-B4,A81,B4,1,4,4,3,0.0008628127696289905,0.0,-0.0651113405005432,0.1569165088911893,0.146886768477844,-0.021063400961707383,0.04592419373046328,-0.002466338655323606,-0.006511134050054319,False,none,False,False
B4_M_fbcr,4MXB,fbcr,A81-B42,A81,B42,2,5,4,"3,4",0.0008628127696289905,0.0,-0.0651113405005432,0.07408925698041505,0.4357709283203016,-0.02059645018927775,0.020843551634736637,-0.002466338655323606,-0.006511134050054319,True,fair,True,False
B4_M_fbcr,4MXB,fbcr,A90-B119,A90,B119,2,5,4,"3,4",0.0008628127696289905,0.0,-0.0651113405005432,0.07408925698041505,0.4357709283203016,-0.02059645018927775,0.020843551634736637,-0.002466338655323606,-0.006511134050054319,True,fair,True,False
B4_M_fbcr,4MXB,fbcr,A63-B151,A63,B151,3,26,14,"3,4,13",0.0030198446937014668,0.0002133560913164071,-0.07099230053640677,0.09122539122496628,0.37718266386064525,-0.018784723895581203,0.02863864801422529,-0.0026891022930457115,-0.007099230053640678,True,fair,True,False
B4_M_fbcr,4MXB,fbcr,A78-B103,A78,B103,2,9,5,"3,4",0.0010785159620362382,0.0,-0.08092748410188287,0.10768080132730105,0.36095176000834883,-0.021094955013015546,0.03375315231192249,-0.0030654350038592,-0.008092748410188286,True,fair,True,False
B4_M_fbcr,4MXB,fbcr,A96-B87,A96,B87,2,7,5,"3,4",0.0010785159620362382,0.0,-0.08602754635249846,0.02596469440324344,0.9165110386204127,-0.025959925058260867,0.00585396049654715,-0.0032586191800188812,-0.008602754635249846,True,fair,True,False
B4_M_fbcr,4MXB,fbcr,A196-B123,A196,B123,3,23,16,"3,4,13",0.003451251078515962,0.0002133560913164071,-0.08677198629025018,0.05130569293685227,0.740960013487235,-0.0266799361846178,0.013424931785694337,-0.0032868176625094766,-0.008677198629025018,True,good,True,False
B4_M_fbcr,4MXB,fbcr,A90-B154,A90,B154,2,6,5,"3,4",0.0010785159620362382,0.0,-0.08798345752115419,0.10401394417923075,0.4170847643512634,-0.027867916031250262,0.029261029551225008,-0.0033327067242861436,-0.00879834575211542,True,fair,True,False
B4_M_fbcr,4MXB,fbcr,A78-B171,A78,B171,2,12,6,"3,4",0.0012942191544434857,0.0,-0.0880137668608043,0.18017725624003025,0.1926478924172661,-0.020632406686778813,0.05522327175756349,-0.0033338548053334963,-0.00880137668608043,True,fair,True,False
B4_M_fbcr,4MXB,fbcr,A90-B159,A90,B159,1,5,5,3,0.0010785159620362382,0.0,-0.08810106638254617,0.1747494326291425,0.2026623422486522,-0.028068809371488344,0.050944574836784814,-0.003337161605399476,-0.008810106638254617,False,none,False,False
B4_M_fbcr,4MXB,fbcr,A196-B8,A196,B8,2,14,7,"3,4",0.0015099223468507334,0.0,-0.09516305830063636,0.19515797825547757,0.1920980002282523,-0.021880477227368855,0.05968182734156992,-0.003604661299266529,-0.009516305830063635,True,fair,True,False
B4_M_fbcr,4MXB,fbcr,A196-B117,A196,B117,3,508,281,"3,4,13",0.06061259706643658,0.0004267121826328142,-0.10084302263758259,0.33398575249493273,0.08354967370498423,-0.011970236480266596,0.09079052276862287,-0.003819811463544795,-0.010084302263758258,True,fair,True,False
B4_M_fbcr,4MXB,fbcr,A196-B59,A196,B59,3,289,162,"3,4,13",0.034943917169974116,0.0002133560913164071,-0.11564844378886487,0.3148130574309742,0.11890421148270558,-0.016758582025393647,0.08681129652476759,-0.004380622870790336,-0.011564844378886486,True,fair,True,False
B4_M_fbcr,4MXB,fbcr,A196-B150,A196,B150,2,51,27,"3,4",0.005823986194995686,0.0,-0.11614789647419468,0.30674509425122704,0.12539479343657967,-0.01914854667112088,0.08836301328825544,-0.004399541533113435,-0.011614789647419469,True,fair,True,False
B4_M_fbcr,4MXB,fbcr,A78-B26,A78,B26,2,13,8,"3,4",0.001725625539257981,0.0,-0.1203408459474767,0.07003739132088202,0.7469852546558623,-0.03312647761370289,0.02377635779938438,-0.00455836537679836,-0.01203408459474767,True,fair,True,False
B4_M_fbcr,4MXB,fbcr,A81-B65,A81,B65,2,9,7,"3,4",0.0015099223468507334,0.0,-0.12243033771303494,0.08250027821715979,0.6877198936010296,-0.03781198573551494,0.021662500727348398,-0.004637512792160414,-0.012243033771303494,True,fair,True,False
B4_M_fbcr,4MXB,fbcr,A81-B51,A81,B51,2,16,10,"3,4",0.0021570319240724763,0.0,-0.13886367460338767,0.06878477034041959,0.8029793843407806,-0.03818258811255041,0.024050640301185804,-0.005259987674370745,-0.013886367460338767,True,fair,True,False
B4_M_fbcr,4MXB,fbcr,A90-B59,A90,B59,2,9,8,"3,4",0.001725625539257981,0.0,-0.14116851789382887,0.16988002000758456,0.408474291273765,-0.04467332845448848,0.04766689202570969,-0.005347292344463215,-0.014116851789382887,True,fair,True,False
B4_M_fbcr,4MXB,fbcr,A96-B79,A96,B79,2,12,9,"3,4",0.0019413287316652286,0.0,-0.14758345968217523,0.06635129646053857,0.8318591462219802,-0.04481142672106415,0.015816370798906746,-0.005590282563718759,-0.014758345968217523,True,fair,True,False
B4_M_fbcr,4MXB,fbcr,A196-B30,A196,B30,2,35,20,"3,4",0.004314063848144953,0.0,-0.15281420482310198,0.19630892287805088,0.377321332185768,-0.035294048778740726,0.060616988993875444,-0.005788416849359924,-0.0152814204823102,True,fair,True,False
B4_M_fbcr,4MXB,fbcr,A78-B151,A78,B151,3,252,161,"3,4,13",0.03472821397756687,0.0012801365478984424,-0.16120298168613756,0.02955301104901266,0.9674837096721959,-0.04565177238018078,0.013389511408386288,-0.006106173548717332,-0.016120298168613757,True,good,True,False
B4_M_fbcr,4MXB,fbcr,A153-B6,A153,B6,3,93,64,"3,4,13",0.013805004314063849,0.0004267121826328142,-0.17590119194188067,0.030684789285898545,0.9704681923110705,-0.051803039161346556,0.0038411625049570184,-0.00666292393719245,-0.017590119194188066,True,good,True,False
B4_M_fbcr,4MXB,fbcr,A78-B77,A78,B77,3,778,513,"3,4,13",0.11065573770491803,0.0038404096436953274,-0.1766269969273831,0.005532200150020261,0.9990199330324246,-0.05071100049203753,0.0069738307449814345,-0.006690416550279663,-0.017662699692738308,True,good,True,False
B4_M_fbcr,4MXB,fbcr,A196-B87,A196,B87,3,620,366,"3,4,13",0.07894736842105263,0.0012801365478984424,-0.17693905827127804,0.17961162707003822,0.49250480012921616,-0.04154707155479423,0.05635495752098973,-0.006702237055730229,-0.017693905827127803,True,fair,True,False
B4_M_fbcr,4MXB,fbcr,A90-B145,A90,B145,2,18,13,"3,4",0.0028041415012942193,0.0,-0.18272122079967865,0.042118361015974014,0.9495476155109162,-0.054072456779827256,0.0069359217184729585,-0.006921258363624191,-0.018272122079967864,True,fair,True,False
B4_M_fbcr,4MXB,fbcr,A196-B171,A196,B171,3,164,101,"3,4,13",0.02178602243313201,0.0004267121826328142,-0.1842850708817066,0.10413114224755386,0.7579853025443065,-0.048113900470081274,0.035951785034896565,-0.006980495109155553,-0.01842850708817066,True,good,True,False
B4_M_fbcr,4MXB,fbcr,A81-B140,A81,B140,2,20,14,"3,4",0.0030198446937014668,0.0,-0.18508560739044227,0.014530141079643587,0.9938747191137177,-0.05374889277063394,0.00141978224354894,-0.007010818461759177,-0.01850856073904423,True,fair,True,False
B4_M_fbcr,4MXB,fbcr,A196-B2,A196,B2,2,98,60,"3,4",0.012942191544434857,0.0,-0.18656839231419234,0.21851965213844993,0.42161281302076314,-0.039386056837047594,0.06473967687247,-0.007066984557355771,-0.018656839231419232,True,fair,True,False
B4_M_fbcr,4MXB,fbcr,A81-B18,A81,B18,3,50,38,"3,4,13",0.00819672131147541,0.0002133560913164071,-0.1875617654124504,0.11355943089131296,0.7317586817461887,-0.05753518040183036,0.02829867374322141,-0.007104612326229182,-0.01875617654124504,True,good,True,False
B4_M_fbcr,4MXB,fbcr,A78-B70,A78,B70,2,27,18,"3,4",0.003882657463330457,0.0,-0.19655913124147084,0.037332121260076095,0.9651832163353814,-0.05458428272192028,0.0172643088877637,-0.007445421637934502,-0.019655913124147086,True,fair,True,False
B4_M_fbcr,4MXB,fbcr,A152-B151,A152,B151,2,28,19,"3,4",0.004098360655737705,0.0,-0.2058941479928185,0.02146262730194607,0.9892506034155387,-0.05771112420738014,0.013081025421521772,-0.007799020757303731,-0.02058941479928185,True,fair,True,False
B4_M_fbcr,4MXB,fbcr,A81-B27,A81,B27,3,60,47,"3,4,13",0.010138050043140638,0.0002133560913164071,-0.21729051120590764,0.1452416940352397,0.6911864717066485,-0.06691124528792484,0.03641674410877335,-0.008230701182041956,-0.021729051120590766,True,good,True,False
B4_M_fbcr,4MXB,fbcr,A153-B30,A153,B30,2,96,61,"3,4",0.013157894736842105,0.0,-0.2214685650835528,0.16951130149585777,0.6305837968954492,-0.050765708003665165,0.05356853407796379,-0.008388960798619425,-0.02214685650835528,True,fair,True,False
B4_M_fbcr,4MXB,fbcr,A196-B122,A196,B122,2,20,16,"3,4",0.003451251078515962,0.0,-0.22167412949527113,0.1393487560166665,0.7167621765591489,-0.06800753783569992,0.034351304716320495,-0.00839674732936633,-0.022167412949527114,True,fair,True,False
B4_M_fbcr,4MXB,fbcr,A78-B84,A78,B84,2,125,81,"3,4",0.017471958584987058,0.0,-0.2392263325466133,0.16149592522527734,0.6869417836597518,-0.054551992111390835,0.051342089552492844,-0.009061603505553534,-0.02392263325466133,True,fair,True,False
B4_M_fbcr,4MXB,fbcr,A81-B75,A81,B75,2,33,24,"3,4",0.005176876617773943,0.0,-0.2492137222123877,0.048832640681360465,0.9630245166605654,-0.07211038575582673,0.005272269426491346,-0.0094399137201662,-0.024921372221238768,True,fair,True,False
B4_M_fbcr,4MXB,fbcr,A81-B84,A81,B84,2,41,29,"3,4",0.006255392579810181,0.0,-0.2577576943460538,0.01307294662741136,0.9974342874832346,-0.07239281034722404,0.005792282310962809,-0.009763549028259613,-0.025775769434605376,True,fair,True,False
B4_M_fbcr,4MXB,fbcr,A90-B151,A90,B151,2,55,38,"3,4",0.00819672131147541,0.0,-0.26859336388804433,0.025913758999946773,0.9907775474294793,-0.07248475923758411,0.017602521414801914,-0.010173991056365315,-0.026859336388804434,True,fair,True,False
B4_M_fbcr,4MXB,fbcr,A81-B40,A81,B40,2,36,27,"3,4",0.005823986194995686,0.0,-0.2727139343513301,0.08517732301524739,0.9111190956632236,-0.07985928153018179,0.014663665750873191,-0.010330073270883717,-0.02727139343513301,True,fair,True,False
B4_M_fbcr,4MXB,fbcr,A196-B27,A196,B27,2,218,146,"3,4",0.031492666091458156,0.0,-0.27498210338458007,0.1451694563058171,0.7820424298027759,-0.06189586102418361,0.0465157771004799,-0.010415988764567428,-0.027498210338458007,True,fair,True,False
B4_M_fbcr,4MXB,fbcr,A90-B120,A90,B120,2,38,29,"3,4",0.006255392579810181,0.0,-0.2874516275560621,0.10747335627140989,0.8773555978129977,-0.08470066944928205,0.02039684343406404,-0.010888319225608413,-0.028745162755606207,True,fair,True,False
B4_M_fbcr,4MXB,fbcr,A196-B15,A196,B15,2,71,52,"3,4",0.011216566005176877,0.0,-0.3337289063480158,0.047221962463260506,0.9803713237349533,-0.09213455645925872,0.0005188352926676148,-0.012641246452576355,-0.033372890634801575,True,fair,True,False
B4_M_fbcr,4MXB,fbcr,A78-B137,A78,B137,2,507,355,"3,4",0.07657463330457291,0.0,-0.34694234057923234,0.10758671343864491,0.9122740656518991,-0.0775346923053762,0.036372649473311,-0.013141755324970923,-0.03469423405792323,True,fair,True,False
B4_M_fbcr,4MXB,fbcr,A90-B155,A90,B155,2,38,35,"3,4",0.007549611734253667,0.0,-0.35003093222601583,0.3578280364292656,0.48898628310201,-0.11043470850580228,0.0948516581406441,-0.013258747432803631,-0.03500309322260158,True,fair,True,False
B4_M_fr,4MXB,fr,A186-B79,A186,B79,3,262,256,"3,4,13",0.0022099447513812156,0.168310322156476,0.59325182440517,0.01081206204666031,0.9996679567430101,0.1807550803022033,0.0070406585212540425,0.02247166001534735,0.059325182440517,False,good,True,False
B4_M_fr,4MXB,fr,A143-B82,A143,B82,1,1,1,13,0.0,0.0006574621959237344,0.24771467948129952,0.03061475038219504,0.9849556088580456,0.07473130880632306,0.011251420756406845,0.009383131798534073,0.02477146794812995,False,none,False,False
B4_M_fr,4MXB,fr,A186-B15,A186,B15,1,1,1,13,0.0,0.0006574621959237344,0.24771467948129952,0.03061475038219504,0.9849556088580456,0.07473130880632306,0.011251420756406845,0.009383131798534073,0.02477146794812995,False,none,False,False
B4_M_fr,4MXB,fr,A81-B7,A81,B7,1,1,1,13,0.0,0.0006574621959237344,0.24771467948129952,0.03061475038219504,0.9849556088580456,0.07473130880632306,0.011251420756406845,0.009383131798534073,0.02477146794812995,False,none,False,False
B4_M_fr,4MXB,fr,A81-B77,A81,B77,1,1,1,13,0.0,0.0006574621959237344,0.24771467948129952,0.03061475038219504,0.9849556088580456,0.07473130880632306,0.011251420756406845,0.009383131798534073,0.02477146794812995,False,none,False,False
B4_M_fr,4MXB,fr,A93-B8,A93,B8,1,1,1,13,0.0,0.0006574621959237344,0.24771467948129952,0.03061475038219504,0.9849556088580456,0.07473130880632306,0.011251420756406845,0.009383131798534073,0.02477146794812995,False,none,False,False
B4_M_fr,4MXB,fr,A81-B8,A81,B8,3,2152,1030,"3,4,13",0.2718232044198895,0.6771860618014465,0.19582792685628186,0.05645623945525598,0.923263774034143,0.06044952671944606,0.01571271667495184,0.0074177245021318896,0.019582792685628188,True,good,True,True
B4_M_fr,4MXB,fr,A65-B8,A65,B8,3,4,2,"3,4,13",0.0011049723756906078,0.0006574621959237344,0.1065591901905671,0.019916302215626566,0.9662461460050874,0.032564499202316535,0.004782565522930103,0.004036332961763906,0.010655919019056711,True,good,True,False
B4_M_fr,4MXB,fr,A196-B117,A196,B117,2,152,113,"3,4",0.0430939226519337,0.0,0.10160776016684218,0.6220324187093755,0.025989117108361715,0.05320892119126478,0.15451028558497906,0.0038487787941985678,0.010160776016684218,True,fair,True,False
B4_M_fr,4MXB,fr,A143-B84,A143,B84,3,734,446,"3,4,13",0.09613259668508287,0.13214990138067062,0.09675228531449256,0.10265129299117035,0.4704426088482414,0.03067819560289499,0.03055685766440889,0.0036648592922156275,0.009675228531449257,False,fair,True,False
B4_M_fr,4MXB,fr,A81-B3,A81,B3,2,4,3,"4,13",0.0,0.0006574621959237344,0.08976563735283188,0.11473907243195802,0.37967763068661486,0.028615714599190132,0.03449695835157846,0.003400213536092117,0.008976563735283188,True,fair,True,False
B4_M_fr,4MXB,fr,A102-B120,A102,B120,1,1,1,4,0.0,0.0,0.06330414879350883,0.08713743892930739,0.3454564531729789,0.020409552783743085,0.025749616880754417,0.002397884423996547,0.006330414879350883,False,none,False,False
B4_M_fr,4MXB,fr,A143-B100,A143,B100,1,1,1,4,0.0,0.0,0.06330414879350883,0.08713743892930739,0.3454564531729789,0.020409552783743085,0.025749616880754417,0.002397884423996547,0.006330414879350883,False,none,False,False
B4_M_fr,4MXB,fr,A143-B92,A143,B92,1,1,1,4,0.0,0.0,0.06330414879350883,0.08713743892930739,0.3454564531729789,0.020409552783743085,0.025749616880754417,0.002397884423996547,0.006330414879350883,False,none,False,False
B4_M_fr,4MXB,fr,A15-B84,A15,B84,1,1,1,4,0.0,0.0,0.06330414879350883,0.08713743892930739,0.3454564531729789,0.020409552783743085,0.025749616880754417,0.002397884423996547,0.006330414879350883,False,none,False,False
B4_M_fr,4MXB,fr,A176-B120,A176,B120,1,1,1,4,0.0,0.0,0.06330414879350883,0.08713743892930739,0.3454564531729789,0.020409552783743085,0.025749616880754417,0.002397884423996547,0.006330414879350883,False,none,False,False
B4_M_fr,4MXB,fr,A176-B131,A176,B131,1,1,1,4,0.0,0.0,0.06330414879350883,0.08713743892930739,0.3454564531729789,0.020409552783743085,0.025749616880754417,0.002397884423996547,0.006330414879350883,False,none,False,False
B4_M_fr,4MXB,fr,A176-B65,A176,B65,1,1,1,4,0.0,0.0,0.06330414879350883,0.08713743892930739,0.3454564531729789,0.020409552783743085,0.025749616880754417,0.002397884423996547,0.006330414879350883,False,none,False,False
B4_M_fr,4MXB,fr,A196-B123,A196,B123,1,1,1,4,0.0,0.0,0.06330414879350883,0.08713743892930739,0.3454564531729789,0.020409552783743085,0.025749616880754417,0.002397884423996547,0.006330414879350883,False,none,False,False
B4_M_fr,4MXB,fr,A196-B91,A196,B91,1,1,1,4,0.0,0.0,0.06330414879350883,0.08713743892930739,0.3454564531729789,0.020409552783743085,0.025749616880754417,0.002397884423996547,0.006330414879350883,False,none,False,False
B4_M_fr,4MXB,fr,A20-B84,A20,B84,1,1,1,4,0.0,0.0,0.06330414879350883,0.08713743892930739,0.3454564531729789,0.020409552783743085,0.025749616880754417,0.002397884423996547,0.006330414879350883,False,none,False,False
B4_M_fr,4MXB,fr,A63-B147,A63,B147,1,1,1,4,0.0,0.0,0.06330414879350883,0.08713743892930739,0.3454564531729789,0.020409552783743085,0.025749616880754417,0.002397884423996547,0.006330414879350883,False,none,False,False
B4_M_fr,4MXB,fr,A68-B87,A68,B87,1,1,1,4,0.0,0.0,0.06330414879350883,0.08713743892930739,0.3454564531729789,0.020409552783743085,0.025749616880754417,0.002397884423996547,0.006330414879350883,False,none,False,False
B4_M_fr,4MXB,fr,A78-B65,A78,B65,1,1,1,4,0.0,0.0,0.06330414879350883,0.08713743892930739,0.3454564531729789,0.020409552783743085,0.025749616880754417,0.002397884423996547,0.006330414879350883,False,none,False,False
B4_M_fr,4MXB,fr,A78-B89,A78,B89,1,1,1,4,0.0,0.0,0.06330414879350883,0.08713743892930739,0.3454564531729789,0.020409552783743085,0.025749616880754417,0.002397884423996547,0.006330414879350883,False,none,False,False
B4_M_fr,4MXB,fr,A81-B12,A81,B12,1,1,1,4,0.0,0.0,0.06330414879350883,0.08713743892930739,0.3454564531729789,0.020409552783743085,0.025749616880754417,0.002397884423996547,0.006330414879350883,False,none,False,False
B4_M_fr,4MXB,fr,A81-B16,A81,B16,1,1,1,4,0.0,0.0,0.06330414879350883,0.08713743892930739,0.3454564531729789,0.020409552783743085,0.025749616880754417,0.002397884423996547,0.006330414879350883,False,none,False,False
B4_M_fr,4MXB,fr,A82-B8,A82,B8,1,1,1,4,0.0,0.0,0.06330414879350883,0.08713743892930739,0.3454564531729789,0.020409552783743085,0.025749616880754417,0.002397884423996547,0.006330414879350883,False,none,False,False
B4_M_fr,4MXB,fr,A90-B103,A90,B103,1,1,1,4,0.0,0.0,0.06330414879350883,0.08713743892930739,0.3454564531729789,0.020409552783743085,0.025749616880754417,0.002397884423996547,0.006330414879350883,False,none,False,False
B4_M_fr,4MXB,fr,A81-B132,A81,B132,3,61,35,"3,4,13",0.03867403314917127,0.009204470742932281,0.05048616611636475,0.12134767920349736,0.14755334092311045,0.013833058840436884,0.036833855683073506,0.0019123547771350284,0.005048616611636475,False,fair,True,False
B4_M_fr,4MXB,fr,A126-B137,A126,B137,1,1,1,3,0.0011049723756906078,0.0,0.02789165987853281,0.13201479424874304,0.04273047759442539,0.006874108278819603,0.03976746241444912,0.001056502268126243,0.002789165987853281,False,none,False,False
B4_M_fr,4MXB,fr,A159-B49,A159,B49,1,1,1,3,0.0011049723756906078,0.0,0.02789165987853281,0.13201479424874304,0.04273047759442539,0.006874108278819603,0.03976746241444912,0.001056502268126243,0.002789165987853281,False,none,False,False
B4_M_fr,4MXB,fr,A176-B101,A176,B101,1,1,1,3,0.0011049723756906078,0.0,0.02789165987853281,0.13201479424874304,0.04273047759442539,0.006874108278819603,0.03976746241444912,0.001056502268126243,0.002789165987853281,False,none,False,False
B4_M_fr,4MXB,fr,A196-B163,A196,B163,1,1,1,3,0.0011049723756906078,0.0,0.02789165987853281,0.13201479424874304,0.04273047759442539,0.006874108278819603,0.03976746241444912,0.001056502268126243,0.002789165987853281,False,none,False,False
B4_M_fr,4MXB,fr,A196-B85,A196,B85,1,1,1,3,0.0011049723756906078,0.0,0.02789165987853281,0.13201479424874304,0.04273047759442539,0.006874108278819603,0.03976746241444912,0.001056502268126243,0.002789165987853281,False,none,False,False
B4_M_fr,4MXB,fr,A20-B178,A20,B178,1,1,1,3,0.0011049723756906078,0.0,0.02789165987853281,0.13201479424874304,0.04273047759442539,0.006874108278819603,0.03976746241444912,0.001056502268126243,0.002789165987853281,False,none,False,False
B4_M_fr,4MXB,fr,A20-B60,A20,B60,1,1,1,3,0.0011049723756906078,0.0,0.02789165987853281,0.13201479424874304,0.04273047759442539,0.006874108278819603,0.03976746241444912,0.001056502268126243,0.002789165987853281,False,none,False,False
B4_M_fr,4MXB,fr,A20-B8,A20,B8,1,1,1,3,0.0011049723756906078,0.0,0.02789165987853281,0.13201479424874304,0.04273047759442539,0.006874108278819603,0.03976746241444912,0.001056502268126243,0.002789165987853281,False,none,False,False
B4_M_fr,4MXB,fr,A78-B150,A78,B150,1,1,1,3,0.0011049723756906078,0.0,0.02789165987853281,0.13201479424874304,0.04273047759442539,0.006874108278819603,0.03976746241444912,0.001056502268126243,0.002789165987853281,False,none,False,False
B4_M_fr,4MXB,fr,A81-B6,A81,B6,1,1,1,3,0.0011049723756906078,0.0,0.02789165987853281,0.13201479424874304,0.04273047759442539,0.006874108278819603,0.03976746241444912,0.001056502268126243,0.002789165987853281,False,none,False,False
B4_M_fr,4MXB,fr,A90-B159,A90,B159,1,1,1,3,0.0011049723756906078,0.0,0.02789165987853281,0.13201479424874304,0.04273047759442539,0.006874108278819603,0.03976746241444912,0.001056502268126243,0.002789165987853281,False,none,False,False
B4_M_fr,4MXB,fr,A90-B23,A90,B23,1,1,1,3,0.0011049723756906078,0.0,0.02789165987853281,0.13201479424874304,0.04273047759442539,0.006874108278819603,0.03976746241444912,0.001056502268126243,0.002789165987853281,False,none,False,False
B4_M_fr,4MXB,fr,A96-B91,A96,B91,1,1,1,3,0.0011049723756906078,0.0,0.02789165987853281,0.13201479424874304,0.04273047759442539,0.006874108278819603,0.03976746241444912,0.001056502268126243,0.002789165987853281,False,none,False,False
B4_M_fr,4MXB,fr,A81-B4,A81,B4,1,2,2,4,0.0,0.0,0.01618095007085599,0.14955893277114657,0.011569891510953778,0.006943772130852774,0.045518319896205126,0.0006129147754112118,0.001618095007085599,False,none,False,False
B4_M_fr,4MXB,fr,A152-B100,A152,B100,3,17,12,"3,4,13",0.0033149171270718232,0.0013149243918474688,0.0157456292785024,0.1286188816557437,0.01476556830404363,0.006709632660506423,0.03893621940723624,0.0005964253514584242,0.0015745629278502398,False,fair,True,False
B4_M_fr,4MXB,fr,A186-B30,A186,B30,2,2,1,"3,4",0.0011049723756906078,0.0,0.014297393925371861,0.030238194855449915,0.18271547092541907,0.0038111023222930514,0.009309936364806305,0.0005415679517186312,0.001429739392537186,True,fair,True,False
B4_M_fr,4MXB,fr,A78-B70,A78,B70,2,2,1,"3,4",0.0011049723756906078,0.0,0.014297393925371861,0.030238194855449915,0.18271547092541907,0.0038111023222930514,0.009309936364806305,0.0005415679517186312,0.001429739392537186,True,fair,True,False
B4_M_fr,4MXB,fr,A81-B171,A81,B171,2,2,1,"3,4",0.0011049723756906078,0.0,0.014297393925371861,0.030238194855449915,0.18271547092541907,0.0038111023222930514,0.009309936364806305,0.0005415679517186312,0.001429739392537186,True,fair,True,False
B4_M_fr,4MXB,fr,A90-B119,A90,B119,2,2,1,"3,4",0.0011049723756906078,0.0,0.014297393925371861,0.030238194855449915,0.18271547092541907,0.0038111023222930514,0.009309936364806305,0.0005415679517186312,0.001429739392537186,True,fair,True,False
B4_M_fr,4MXB,fr,A63-B75,A63,B75,2,3,2,"3,4",0.0011049723756906078,0.0,-0.005082179834329345,0.048498255519182056,0.010861874097145341,-0.0006558962566685532,0.014695299629038544,-0.0001925068119064146,-0.0005082179834329345,True,fair,True,False
B4_M_fr,4MXB,fr,A90-B47,A90,B47,2,3,2,"3,4",0.0011049723756906078,0.0,-0.005082179834329345,0.048498255519182056,0.010861874097145341,-0.0006558962566685532,0.014695299629038544,-0.0001925068119064146,-0.0005082179834329345,True,fair,True,False
B4_M_fr,4MXB,fr,A96-B140,A96,B140,2,3,2,"3,4",0.0011049723756906078,0.0,-0.005082179834329345,0.048498255519182056,0.010861874097145341,-0.0006558962566685532,0.014695299629038544,-0.0001925068119064146,-0.0005082179834329345,True,fair,True,False
B4_M_fr,4MXB,fr,A96-B79,A96,B79,1,3,3,4,0.0,0.0,-0.017776404585586186,0.1914545720664916,0.008547288692320576,-0.002842567113637633,0.05888620200472558,-0.0006733486585449313,-0.0017776404585586186,False,none,False,False
B4_M_fr,4MXB,fr,A96-B87,A96,B87,1,3,3,4,0.0,0.0,-0.017776404585586186,0.1914545720664916,0.008547288692320576,-0.002842567113637633,0.05888620200472558,-0.0006733486585449313,-0.0017776404585586186,False,none,False,False
B4_M_fr,4MXB,fr,A78-B171,A78,B171,2,4,3,"3,4",0.0011049723756906078,0.0,-0.02268859585421468,0.10902744142093214,0.041508025815764515,-0.004750340125183796,0.03331905641249477,-0.000859416509629344,-0.002268859585421468,True,fair,True,False
B4_M_fr,4MXB,fr,A78-B103,A78,B103,1,2,2,3,0.0022099447513812156,0.0,-0.031569862001269426,0.1785574114486663,0.03031247601842979,-0.011373062434590816,0.05285024491984677,-0.0011958281061086905,-0.0031569862001269424,False,none,False,False
B4_M_fr,4MXB,fr,A90-B59,A90,B59,1,2,2,3,0.0022099447513812156,0.0,-0.031569862001269426,0.1785574114486663,0.03031247601842979,-0.011373062434590816,0.05285024491984677,-0.0011958281061086905,-0.0031569862001269424,False,none,False,False
B4_M_fr,4MXB,fr,A159-B77,A159,B77,2,3,2,"3,4",0.0022099447513812156,0.0,-0.033035116597687986,0.10270599821227663,0.09375720242796504,-0.011583480289959182,0.030090166629998156,-0.001251330174154848,-0.0033035116597687985,True,fair,True,False
B4_M_fr,4MXB,fr,A83-B50,A83,B50,2,3,2,"3,4",0.0022099447513812156,0.0,-0.033035116597687986,0.10270599821227663,0.09375720242796504,-0.011583480289959182,0.030090166629998156,-0.001251330174154848,-0.0033035116597687985,True,fair,True,False
B4_M_fr,4MXB,fr,A81-B40,A81,B40,1,4,4,4,0.0,0.0,-0.043974495571459965,0.22287129936398553,0.037471995124617186,-0.01042277703270026,0.06894223256179502,-0.001665700589828029,-0.004397449557145996,False,none,False,False
B4_M_fr,4MXB,fr,A196-B59,A196,B59,2,98,67,"3,4",0.03425414364640884,0.0,-0.05449387495770586,0.43279354911702056,0.01560639545575604,0.00470616778811776,0.11593107704554902,-0.0020641619302161312,-0.005449387495770586,True,fair,True,False
B4_M_fr,4MXB,fr,A153-B30,A153,B30,3,26,17,"3,4,13",0.008839779005524863,0.0006574621959237344,-0.07034225751944914,0.12697337455183724,0.23483481460706257,-0.017903050351674454,0.0395867739070544,-0.002664479451494286,-0.007034225751944914,True,fair,True,False
B4_M_fr,4MXB,fr,A81-B65,A81,B65,1,3,3,3,0.0033149171270718232,0.0,-0.07203222372385795,0.20865240498422966,0.10648944022794626,-0.02371386986348509,0.06127815394202385,-0.0027284933228734075,-0.007203222372385795,False,none,False,False
B4_M_fr,4MXB,fr,A152-B110,A152,B110,2,6,3,"3,4",0.0033149171270718232,0.0,-0.07595399205594165,0.02586723143327908,0.896070064740598,-0.023143650803628624,0.005979065123166137,-0.0028770451536341535,-0.007595399205594165,True,fair,True,False
B4_M_fr,4MXB,fr,A81-B84,A81,B84,2,7,4,"3,4",0.0033149171270718232,0.0,-0.07880687683582108,0.02758280025941874,0.8908658238124113,-0.022745310185226245,0.01007594952652965,-0.0029851089710538287,-0.007880687683582108,True,fair,True,False
B4_M_fr,4MXB,fr,A196-B8,A196,B8,2,10,7,"3,4",0.0033149171270718232,0.0,-0.0867438826952991,0.15486671316229347,0.23881088661722616,-0.02164081806591848,0.04827343965794266,-0.0032857531323976937,-0.00867438826952991,True,fair,True,False
B4_M_fr,4MXB,fr,A196-B150,A196,B150,2,11,8,"3,4",0.0033149171270718232,0.0,-0.08908355969831398,0.18919861028823043,0.18146623896452452,-0.02131580734157584,0.05857066825118465,-0.003374377261299772,-0.008908355969831399,True,fair,True,False
B4_M_fr,4MXB,fr,A78-B151,A78,B151,3,83,53,"3,4,13",0.02983425414364641,0.0019723865877712033,-0.09333465387192727,0.13851148022239945,0.3122709928546743,-0.02385126313120664,0.04353903329112752,-0.003535403555754821,-0.009333465387192727,True,fair,True,False
B4_M_fr,4MXB,fr,A196-B122,A196,B122,2,12,8,"3,4",0.004419889502762431,0.0,-0.10242121297141339,0.14165342518706672,0.3433098018888989,-0.026161557996895585,0.04468394228044694,-0.0038795914004323257,-0.01024212129714134,True,fair,True,False
B4_M_fr,4MXB,fr,A20-B30,A20,B30,1,4,4,3,0.004419889502762431,0.0,-0.10242121297141339,0.23092314425631713,0.16438150396439777,-0.032959441547449654,0.06751140229944338,-0.0038795914004323257,-0.01024212129714134,False,none,False,False
B4_M_fr,4MXB,fr,A81-B51,A81,B51,2,8,4,"3,4",0.004419889502762431,0.0,-0.10242121297141339,0.023040611559614198,0.9518309588746076,-0.030838233218171363,0.004271669070963706,-0.0038795914004323257,-0.01024212129714134,True,fair,True,False
B4_M_fr,4MXB,fr,A96-B75,A96,B75,1,4,4,3,0.004419889502762431,0.0,-0.10242121297141339,0.23092314425631713,0.16438150396439777,-0.032959441547449654,0.06751140229944338,-0.0038795914004323257,-0.01024212129714134,False,none,False,False
B4_M_fr,4MXB,fr,A196-B87,A196,B87,3,240,157,"3,4,13",0.09060773480662983,0.0006574621959237344,-0.10585843544815662,0.3545033100458782,0.08186822432955942,-0.01274208717390109,0.09894046531548427,-0.004009789221521084,-0.010585843544815662,True,fair,True,False
B4_M_fr,4MXB,fr,A78-B84,A78,B84,3,42,26,"3,4,13",0.016574585635359115,0.0006574621959237344,-0.1122343214709846,0.12361528018119537,0.4518569505576894,-0.02932704502346912,0.039604393390790756,-0.004251300055719114,-0.01122343214709846,True,fair,True,False
B4_M_fr,4MXB,fr,A78-B137,A78,B137,2,105,66,"3,4",0.0430939226519337,0.0,-0.11618529361121879,0.32693000783984677,0.11213465584577897,-0.01589977996424978,0.0898022437796552,-0.004400958091334045,-0.01161852936112188,True,fair,True,False
B4_M_fr,4MXB,fr,A63-B151,A63,B151,2,12,7,"3,4",0.0055248618784530384,0.0,-0.11970856114104396,0.061844896402720985,0.7893249360923442,-0.03335419573806921,0.021589499506231662,-0.004534415194736514,-0.011970856114104396,True,fair,True,False
B4_M_fr,4MXB,fr,A196-B2,A196,B2,2,18,12,"3,4",0.0066298342541436465,0.0,-0.12302198555837081,0.18206640037385796,0.31345483125785756,-0.029889535171271263,0.05698055856879583,-0.004659923695392834,-0.012302198555837082,True,fair,True,False
B4_M_fr,4MXB,fr,A81-B140,A81,B140,2,7,5,"3,4",0.0055248618784530384,0.0,-0.12805765423688356,0.1702989658208984,0.3612022467456193,-0.041421808750177105,0.047602057796527944,-0.004850668721094075,-0.012805765423688355,True,fair,True,False
B4_M_fr,4MXB,fr,A78-B77,A78,B77,3,198,119,"3,4,13",0.08176795580110498,0.003287310979618672,-0.13133913489331447,0.1251727063807545,0.5240256627614865,-0.034225745157419676,0.04061162179262054,-0.0049749672308073666,-0.013133913489331447,True,fair,True,False
B4_M_fr,4MXB,fr,A153-B6,A153,B6,2,18,11,"3,4",0.0077348066298342545,0.0,-0.13943228305705851,0.11827771388693654,0.581537306011251,-0.03655662614487967,0.03884932420011199,-0.005281525873373429,-0.013943228305705851,True,fair,True,False
B4_M_fr,4MXB,fr,A90-B145,A90,B145,2,12,6,"3,4",0.0066298342541436465,0.0,-0.1405062522081348,0.017050670462560525,0.9854874832217674,-0.041598130130069064,0.000995507550873923,-0.00532220652303541,-0.014050625220813481,True,fair,True,False
B4_M_fr,4MXB,fr,A196-B30,A196,B30,2,17,10,"3,4",0.0077348066298342545,0.0,-0.14321438092164104,0.088160777027531,0.7251914531632606,-0.03872619556949192,0.030185937219593905,-0.005424787156122767,-0.014321438092164105,True,fair,True,False
B4_M_fr,4MXB,fr,A81-B75,A81,B75,2,19,11,"3,4",0.008839779005524863,0.0,-0.1536674236309465,0.08500083329915865,0.7657127621896349,-0.04155450851271945,0.029653852864495043,-0.005820735743596458,-0.015366742363094649,True,fair,True,False
B4_M_fr,4MXB,fr,A90-B151,A90,B151,2,12,7,"3,4",0.0077348066298342545,0.0,-0.16278674411900473,0.09387864402980346,0.7504242425936222,-0.05015986987627957,0.022935338828889672,-0.0061661645499623005,-0.016278674411900472,True,fair,True,False
B4_M_fr,4MXB,fr,A90-B155,A90,B155,2,9,7,"3,4",0.0077348066298342545,0.0,-0.1708971302522131,0.23009245770800318,0.3555253714756611,-0.05524516244463392,0.06407374848256445,-0.006473376145917163,-0.01708971302522131,True,fair,True,False
B4_M_fr,4MXB,fr,A81-B27,A81,B27,2,19,10,"3,4",0.009944751381215469,0.0,-0.17323806008333623,0.023781259981671146,0.9815041105689032,-0.04914266441472932,0.012577696353573198,-0.006562047730429403,-0.017323806008333623,True,fair,True,False
B4_M_fr,4MXB,fr,A90-B120,A90,B120,2,19,10,"3,4",0.009944751381215469,0.0,-0.17323806008333623,0.023781259981671146,0.9815041105689032,-0.04914266441472932,0.012577696353573198,-0.006562047730429403,-0.017323806008333623,True,fair,True,False
B4_M_fr,4MXB,fr,A81-B18,A81,B18,2,19,10,"3,4",0.011049723756906077,0.0,-0.19368865734052274,0.03667463067371614,0.9653881291070983,-0.05695600103158226,0.004234803134694726,-0.007336691565928892,-0.019368865734052273,True,fair,True,False
B4_M_fr,4MXB,fr,A196-B171,A196,B171,2,35,19,"3,4",0.017679558011049725,0.0,-0.20859900250162644,0.07777638868509035,0.8779492368734775,-0.05532264975622375,0.029828095262902265,-0.007901477367485851,-0.020859900250162645,True,fair,True,False
B4_M_fr,4MXB,fr,A196-B15,A196,B15,2,22,12,"3,4",0.013259668508287293,0.0,-0.2168589374887201,0.05737541957319932,0.9345795719107647,-0.06397581961344984,0.009069119228517478,-0.008214353692754549,-0.02168589374887201,True,fair,True,False
B4_M_fr,4MXB,fr,A196-B27,A196,B27,2,70,39,"3,4",0.03425414364640884,0.0,-0.21966806379132045,0.1529531896446253,0.6734809380551774,-0.05203436365485081,0.050168617928279306,-0.008320759992095472,-0.021966806379132044,True,fair,True,False
B4_M_fr,4MXB,fr,A152-B151,A152,B151,2,17,11,"3,4",0.012154696132596685,0.0,-0.22501083448210774,0.16622413449137577,0.6469416896308087,-0.07003792760403224,0.041344080475155386,-0.008523137669776809,-0.022501083448210772,True,fair,True,False
