Sample,DNA_construct,Replicate,Candidate,verA,verB,n_obs_timepoints,transfers_observed,total_reads,logA_init,r_init_per_cycle,r_final_per_cycle,breakpoint_transfer,r_init_per_generation,r_final_per_generation,r_init_per_hour_measured,r_final_per_hour_measured,model_selected,direction,unconstrained_direction,breakpoint_testable,rel_rate_change,abs_rate_change,delta_bic,r2_selected,r2_constant,r2_two_phase,wrss_constant,wrss_two_phase,s_constant_per_cycle,freq_init,freq_final,estimable
TFMN4.exp2.ACN3788.concX_largeLib_SpeI_cleanup.1,concX_largeLib_SpeI_cleanup,1,A78-B79,A78,B79,4,"3,4,6,13",119,-0.0084,0.4838,0.4838,,0.1417,0.1417,0.01833,0.01833,constant,constant,accelerating,True,1.8138,1.2072,5.297,0.9796,0.9796,0.9962,3.3087,0.62234,0.4838,0.02564,0.59459,True
TFMN4.exp2.ACN3788.concX_largeLib_SpeI.2,concX_largeLib_SpeI,2,A20-B66,A20,B66,4,"3,4,6,13",13,0.7962,0.0989,0.0989,,0.0286,0.0286,0.00375,0.00375,constant,constant,accelerating,True,1.2954,0.6144,3.788,0.7113,0.7113,0.9208,1.03208,0.28311,0.0989,0.02963,0.01667,True
TFMN4.exp2.ACN3788.concX_largeLib_SpeI.2,concX_largeLib_SpeI,2,A153-B30,A153,B30,4,"3,4,6,13",47,2.1227,0.0493,0.0493,,0.0143,0.0143,0.00187,0.00187,constant,constant,accelerating,True,2.6408,0.1379,0.884,0.5911,0.5911,0.7682,1.17011,0.66333,0.0493,0.08889,0.04167,True
TFMN4.exp2.ACN3788.concY_largeLib_PCR_DpnI_cleanup.3,concY_largeLib_PCR_DpnI_cleanup,3,A81-B117,A81,B117,4,"3,4,6,13",7,0.0587,0.1135,0.1135,,0.0331,0.0331,0.0043,0.0043,constant,constant,accelerating,True,4.1751,0.2146,0.269,0.7868,0.7868,0.859,0.59377,0.39254,0.1135,0.00633,0.01863,True
TFMN4.exp2.ACN3788.concY_largeLib_PCR_DpnI_cleanup.3,concY_largeLib_PCR_DpnI_cleanup,3,A63-B6,A63,B6,4,"3,4,6,13",37,1.4173,0.1307,0.1307,,0.0382,0.0382,0.00495,0.00495,constant,constant,accelerating,True,2.9066,0.2165,0.201,0.9533,0.9533,0.9686,0.58995,0.39667,0.1307,0.0443,0.09317,True
TFMN4.exp2.ACN3788.concY_largeLib_PCR_DpnI_cleanup.2,concY_largeLib_PCR_DpnI_cleanup,2,A20-B84,A20,B84,4,"3,4,6,13",23,1.6056,-0.0941,-0.0941,,-0.0271,-0.0271,-0.00357,-0.00357,constant,constant,accelerating,True,0.9276,0.4613,-0.195,0.3026,0.3026,0.4823,3.06331,2.27415,-0.0941,0.07576,0.00476,True
TFMN4.exp2.ACN3788.concX_smallLib_PCR_DpnI_cleanup.3,concX_smallLib_PCR_DpnI_cleanup,3,A83-B151,A83,B151,4,"3,4,6,13",147,3.0794,-0.0445,-0.0445,,-0.0129,-0.0129,-0.00169,-0.00169,constant,constant,decelerating,True,1.0381,0.2029,-1.08,0.1158,0.1158,0.1811,27.01534,25.02256,-0.0445,0.24752,0.13298,True
TFMN4.exp2.ACN3788.concY_largeLib_PCR_DpnI_cleanup.3,concY_largeLib_PCR_DpnI_cleanup,3,A83-B84,A83,B84,4,"3,4,6,13",15,0.9987,0.0458,0.0458,,0.0135,0.0135,0.00173,0.00173,constant,constant,decelerating,True,1.8554,0.0928,-1.241,0.198,0.198,0.2266,2.22227,2.14299,0.0458,0.01266,0.02484,True
TFMN4.exp2.ACN3788.concX_largeLib_SpeI_cleanup.1,concX_largeLib_SpeI_cleanup,1,A78-B122,A78,B122,4,"3,4,6,13",22,1.5061,-0.0524,-0.0524,,-0.0149,-0.0149,-0.00198,-0.00198,constant,constant,decelerating,True,0.9923,0.1889,-1.25,0.0785,0.0785,0.1093,6.26717,6.05792,-0.0524,0.03419,0.01081,True
TFMN4.exp2.ACN3788.concY_largeLib_PCR_DpnI_cleanup.3,concY_largeLib_PCR_DpnI_cleanup,3,A196-B51,A196,B51,4,"3,4,6,13",30,2.0162,-0.0541,-0.0541,,-0.0154,-0.0154,-0.00205,-0.00205,constant,constant,decelerating,True,0.2373,0.0156,-1.384,0.0943,0.0943,0.0948,8.81784,8.81362,-0.0541,0.01899,0.02484,True
TFMN4.exp2.ACN3788.concX_largeLib_SpeI.1,concX_largeLib_SpeI,1,A143-B84,A143,B84,4,"3,4,6,13",32,2.1733,0.0278,0.0278,,0.0106,0.0106,0.00105,0.00105,constant,constant,decelerating,True,,,,0.0092,0.0092,,20.19775,,0.0278,0.01579,0.01508,True
TFMN4.exp2.ACN3788.concX_largeLib_SpeI.1,concX_largeLib_SpeI,1,A153-B30,A153,B30,2,"3,4",3,0.0307,-0.0443,-0.0443,,-0.0129,-0.0129,-0.00168,-0.00168,constant,constant,none,False,,,,0.2578,0.2578,,0.24394,,-0.0443,0.01053,0.0,True
TFMN4.exp2.ACN3788.concX_largeLib_SpeI.1,concX_largeLib_SpeI,1,A153-B6,A153,B6,2,"3,4",6,0.8034,-0.0926,-0.0926,,-0.0251,-0.0251,-0.00351,-0.00351,constant,constant,none,False,,,,0.0844,0.0844,,4.07764,,-0.0926,0.01053,0.0,True
TFMN4.exp2.ACN3788.concX_largeLib_SpeI.1,concX_largeLib_SpeI,1,A186-B78,A186,B78,2,"4,13",2,-0.4745,0.1256,0.1256,,0.037,0.037,0.00476,0.00476,constant,constant,none,False,,,,0.4751,0.4751,,1.30803,,0.1256,0.0,0.00503,True
TFMN4.exp2.ACN3788.concX_largeLib_SpeI.1,concX_largeLib_SpeI,1,A186-B79,A186,B79,3,"3,4,13",12,0.3462,0.2005,0.2005,,0.058,0.058,0.00759,0.00759,constant,constant,none,False,,,,0.8857,0.8857,,1.66634,,0.2005,0.02105,0.03518,True
TFMN4.exp2.ACN3788.concX_largeLib_SpeI.1,concX_largeLib_SpeI,1,A196-B117,A196,B117,3,"3,4,6",33,1.9419,0.0531,0.0531,,0.0178,0.0178,0.00201,0.00201,constant,constant,none,False,,,,0.0384,0.0384,,6.67055,,0.0531,0.06842,0.0,True
TFMN4.exp2.ACN3788.concX_largeLib_SpeI.1,concX_largeLib_SpeI,1,A196-B171,A196,B171,3,"3,4,6",10,0.8846,0.0274,0.0274,,0.0103,0.0103,0.00104,0.00104,constant,constant,none,False,,,,0.0133,0.0133,,3.1398,,0.0274,0.02105,0.0,True
TFMN4.exp2.ACN3788.concX_largeLib_SpeI.1,concX_largeLib_SpeI,1,A196-B2,A196,B2,3,"3,4,6",11,1.0157,0.1712,0.1712,,0.0544,0.0544,0.00648,0.00648,constant,constant,none,False,,,,0.1046,0.1046,,12.35468,,0.1712,0.01053,0.0,True
TFMN4.exp2.ACN3788.concX_largeLib_SpeI.1,concX_largeLib_SpeI,1,A196-B27,A196,B27,3,"3,4,6",8,0.7724,-0.0396,-0.0396,,-0.0095,-0.0095,-0.0015,-0.0015,constant,constant,none,False,,,,0.0472,0.0472,,1.59905,,-0.0396,0.01579,0.0,True
TFMN4.exp2.ACN3788.concX_largeLib_SpeI.1,concX_largeLib_SpeI,1,A196-B59,A196,B59,3,"3,4,6",10,1.355,-0.0775,-0.0775,,-0.0193,-0.0193,-0.00294,-0.00294,constant,constant,none,False,,,,0.0396,0.0396,,6.93997,,-0.0775,0.00526,0.0,True
TFMN4.exp2.ACN3788.concX_largeLib_SpeI.1,concX_largeLib_SpeI,1,A196-B87,A196,B87,4,"3,4,6,13",23,1.6293,0.0178,0.0178,,0.0069,0.0069,0.00068,0.00068,constant,constant,decelerating,True,,,,0.007,0.007,,6.79052,,0.0178,0.05263,0.00503,True
TFMN4.exp2.ACN3788.concX_largeLib_SpeI.1,concX_largeLib_SpeI,1,A78-B137,A78,B137,3,"3,4,6",12,1.1919,-0.169,-0.169,,-0.0485,-0.0485,-0.0064,-0.0064,constant,constant,none,False,,,,0.9354,0.9354,,0.10845,,-0.169,0.04211,0.0,True
TFMN4.exp2.ACN3788.concX_largeLib_SpeI.1,concX_largeLib_SpeI,1,A78-B151,A78,B151,4,"3,4,6,13",24,1.758,-0.0868,-0.0868,,-0.0242,-0.0242,-0.00329,-0.00329,constant,constant,decelerating,True,,,,0.3126,0.3126,,2.38366,,-0.0868,0.05789,0.00503,True
TFMN4.exp2.ACN3788.concX_largeLib_SpeI.1,concX_largeLib_SpeI,1,A78-B171,A78,B171,2,"3,4",6,0.641,-0.1315,-0.1315,,-0.0388,-0.0388,-0.00498,-0.00498,constant,constant,none,False,,,,0.5502,0.5502,,0.67836,,-0.1315,0.02632,0.0,True
TFMN4.exp2.ACN3788.concX_largeLib_SpeI.1,concX_largeLib_SpeI,1,A78-B70,A78,B70,2,"3,4",5,0.461,-0.0857,-0.0857,,-0.0245,-0.0245,-0.00325,-0.00325,constant,constant,none,False,,,,0.3051,0.3051,,0.75986,,-0.0857,0.01579,0.0,True
TFMN4.exp2.ACN3788.concX_largeLib_SpeI.1,concX_largeLib_SpeI,1,A78-B77,A78,B77,4,"3,4,6,13",37,2.2315,-0.0043,-0.0043,,0.0013,0.0013,-0.00016,-0.00016,constant,constant,decelerating,True,,,,0.0003,0.0003,,16.13697,,-0.0043,0.03684,0.01005,True
TFMN4.exp2.ACN3788.concX_largeLib_SpeI.1,concX_largeLib_SpeI,1,A81-B132,A81,B132,4,"3,4,6,13",12,0.8555,0.045,0.045,,0.0132,0.0132,0.0017,0.0017,constant,constant,decelerating,True,,,,0.7202,0.7202,,0.14415,,0.045,0.02632,0.01005,True
TFMN4.exp2.ACN3788.concX_largeLib_SpeI.1,concX_largeLib_SpeI,1,A81-B171,A81,B171,2,"3,4",7,0.7954,-0.1535,-0.1535,,-0.0453,-0.0453,-0.00582,-0.00582,constant,constant,none,False,,,,0.5441,0.5441,,0.96577,,-0.1535,0.03158,0.0,True
TFMN4.exp2.ACN3788.concX_largeLib_SpeI.1,concX_largeLib_SpeI,1,A81-B18,A81,B18,2,"3,4",4,0.3088,-0.0617,-0.0617,,-0.0173,-0.0173,-0.00234,-0.00234,constant,constant,none,False,,,,0.1249,0.1249,,1.159,,-0.0617,0.01053,0.0,True
TFMN4.exp2.ACN3788.concX_largeLib_SpeI.1,concX_largeLib_SpeI,1,A81-B27,A81,B27,2,"3,6",5,0.4842,-0.0758,-0.0758,,-0.0219,-0.0219,-0.00287,-0.00287,constant,constant,none,False,,,,0.2384,0.2384,,0.91353,,-0.0758,0.02105,0.0,True
TFMN4.exp2.ACN3788.concX_largeLib_SpeI.1,concX_largeLib_SpeI,1,A81-B8,A81,B8,4,"3,4,6,13",348,3.5622,0.2115,0.2115,,0.063,0.063,0.00801,0.00801,constant,constant,decelerating,True,,,,0.7281,0.7281,,92.41584,,0.2115,0.12632,0.90955,True
TFMN4.exp2.ACN3788.concX_largeLib_SpeI.1,concX_largeLib_SpeI,1,A81-B84,A81,B84,2,"3,4",2,-0.2198,-0.0085,-0.0085,,-0.0021,-0.0021,-0.00032,-0.00032,constant,constant,none,False,,,,0.0054,0.0054,,0.53099,,-0.0085,0.00526,0.0,True
TFMN4.exp2.ACN3788.concX_largeLib_SpeI.1,concX_largeLib_SpeI,1,A90-B151,A90,B151,2,"3,6",6,0.6687,-0.1047,-0.1047,,-0.0303,-0.0303,-0.00396,-0.00396,constant,constant,none,False,,,,0.3374,0.3374,,1.10771,,-0.1047,0.02632,0.0,True
TFMN4.exp2.ACN3788.concX_largeLib_SpeI.1,concX_largeLib_SpeI,1,A90-B155,A90,B155,3,"3,4,6",5,0.3913,-0.0369,-0.0369,,-0.0095,-0.0095,-0.0014,-0.0014,constant,constant,none,False,,,,0.0657,0.0657,,0.88116,,-0.0369,0.01053,0.0,True
TFMN4.exp2.ACN3788.concX_largeLib_SpeI.2,concX_largeLib_SpeI,2,A143-B123,A143,B123,2,"3,4",3,0.2198,-0.0923,-0.0923,,-0.0276,-0.0276,-0.0035,-0.0035,constant,constant,none,False,,,,0.3586,0.3586,,0.65796,,-0.0923,0.01481,0.0,True
TFMN4.exp2.ACN3788.concX_largeLib_SpeI.2,concX_largeLib_SpeI,2,A153-B84,A153,B84,2,"3,4",5,0.76,-0.1695,-0.1695,,-0.0505,-0.0505,-0.00642,-0.00642,constant,constant,none,False,,,,0.4009,0.4009,,2.01112,,-0.1695,0.02963,0.0,True
TFMN4.exp2.ACN3788.concX_largeLib_SpeI.2,concX_largeLib_SpeI,2,A196-B11,A196,B11,4,"3,4,6,13",150,3.5922,-0.0678,-0.0678,,-0.0166,-0.0166,-0.00257,-0.00257,constant,constant,decelerating,True,,,,0.0977,0.0977,,16.36885,,-0.0678,0.28148,0.00833,True
TFMN4.exp2.ACN3788.concX_largeLib_SpeI.2,concX_largeLib_SpeI,2,A196-B123,A196,B123,3,"3,4,6",71,3.0848,-0.1815,-0.1815,,-0.0463,-0.0463,-0.00687,-0.00687,constant,constant,none,False,,,,0.171,0.171,,16.49174,,-0.1815,0.11111,0.0,True
TFMN4.exp2.ACN3788.concX_largeLib_SpeI.2,concX_largeLib_SpeI,2,A196-B132,A196,B132,3,"3,4,6",14,1.325,-0.0651,-0.0651,,-0.0172,-0.0172,-0.00246,-0.00246,constant,constant,none,False,,,,0.122,0.122,,1.88168,,-0.0651,0.03704,0.0,True
TFMN4.exp2.ACN3788.concX_largeLib_SpeI.2,concX_largeLib_SpeI,2,A196-B15,A196,B15,2,"3,4",4,0.449,-0.09,-0.09,,-0.0257,-0.0257,-0.00341,-0.00341,constant,constant,none,False,,,,0.2035,0.2035,,1.31067,,-0.09,0.00741,0.0,True
TFMN4.exp2.ACN3788.concX_largeLib_SpeI.2,concX_largeLib_SpeI,2,A196-B18,A196,B18,3,"3,4,6",11,1.1005,0.1004,0.1004,,0.0329,0.0329,0.0038,0.0038,constant,constant,none,False,,,,0.0497,0.0497,,9.48139,,0.1004,0.01481,0.0,True
TFMN4.exp2.ACN3788.concX_largeLib_SpeI.2,concX_largeLib_SpeI,2,A78-B137,A78,B137,3,"3,4,6",8,0.8374,-0.056,-0.056,,-0.0151,-0.0151,-0.00212,-0.00212,constant,constant,none,False,,,,0.1159,0.1159,,1.23653,,-0.056,0.02222,0.0,True
TFMN4.exp2.ACN3788.concX_largeLib_SpeI.2,concX_largeLib_SpeI,2,A78-B75,A78,B75,2,"3,4",13,1.5239,-0.1989,-0.1989,,-0.0565,-0.0565,-0.00753,-0.00753,constant,constant,none,False,,,,0.4245,0.4245,,2.57355,,-0.1989,0.03704,0.0,True
TFMN4.exp2.ACN3788.concX_largeLib_SpeI.2,concX_largeLib_SpeI,2,A78-B84,A78,B84,2,"3,4",5,0.6,-0.116,-0.116,,-0.0337,-0.0337,-0.0044,-0.0044,constant,constant,none,False,,,,0.4102,0.4102,,0.84645,,-0.116,0.01481,0.0,True
TFMN4.exp2.ACN3788.concX_largeLib_SpeI.2,concX_largeLib_SpeI,2,A81-B100,A81,B100,3,"3,4,6",9,1.095,-0.1883,-0.1883,,-0.055,-0.055,-0.00713,-0.00713,constant,constant,none,False,,,,0.7774,0.7774,,0.52435,,-0.1883,0.03704,0.0,True
TFMN4.exp2.ACN3788.concX_largeLib_SpeI.2,concX_largeLib_SpeI,2,A81-B127,A81,B127,3,"3,4,6",16,1.5321,-0.1493,-0.1493,,-0.042,-0.042,-0.00566,-0.00566,constant,constant,none,False,,,,0.683,0.683,,0.66198,,-0.1493,0.05185,0.0,True
TFMN4.exp2.ACN3788.concX_largeLib_SpeI.2,concX_largeLib_SpeI,2,A81-B174,A81,B174,4,"3,4,6,13",322,3.9697,0.1657,0.1657,,0.0496,0.0496,0.00628,0.00628,constant,constant,decelerating,True,,,,0.6279,0.6279,,63.14327,,0.1657,0.00741,0.82083,True
TFMN4.exp2.ACN3788.concX_largeLib_SpeI.2,concX_largeLib_SpeI,2,A81-B40,A81,B40,2,"3,4",5,0.6293,-0.1393,-0.1393,,-0.0412,-0.0412,-0.00528,-0.00528,constant,constant,none,False,,,,0.5201,0.5201,,0.81336,,-0.1393,0.02222,0.0,True
TFMN4.exp2.ACN3788.concX_largeLib_SpeI.2,concX_largeLib_SpeI,2,A81-B66,A81,B66,3,"3,4,6",7,0.717,-0.0701,-0.0701,,-0.0192,-0.0192,-0.00265,-0.00265,constant,constant,none,False,,,,0.3863,0.3863,,0.3711,,-0.0701,0.01481,0.0,True
TFMN4.exp2.ACN3788.concX_largeLib_SpeI.2,concX_largeLib_SpeI,2,A83-B151,A83,B151,2,"3,4",8,1.2522,-0.157,-0.157,,-0.0442,-0.0442,-0.00595,-0.00595,constant,constant,none,False,,,,0.1769,0.1769,,4.86064,,-0.157,0.00741,0.0,True
TFMN4.exp2.ACN3788.concX_largeLib_SpeI.2,concX_largeLib_SpeI,2,A83-B84,A83,B84,3,"3,4,6",5,0.4088,0.0275,0.0275,,0.0101,0.0101,0.00104,0.00104,constant,constant,none,False,,,,0.0121,0.0121,,2.57389,,0.0275,0.00741,0.0,True
TFMN4.exp2.ACN3788.concX_largeLib_SpeI.2,concX_largeLib_SpeI,2,A90-B75,A90,B75,2,"3,4",9,1.1762,-0.1621,-0.1621,,-0.0461,-0.0461,-0.00614,-0.00614,constant,constant,none,False,,,,0.344,0.344,,2.28624,,-0.1621,0.02222,0.0,True
TFMN4.exp2.ACN3788.concX_largeLib_SpeI.2,concX_largeLib_SpeI,2,A96-B140,A96,B140,2,"3,4",5,0.6916,-0.1102,-0.1102,,-0.0313,-0.0313,-0.00418,-0.00418,constant,constant,none,False,,,,0.1897,0.1897,,2.16563,,-0.1102,0.00741,0.0,True
TFMN4.exp2.ACN3788.concX_largeLib_SpeI.3,concX_largeLib_SpeI,3,A20-B151,A20,B151,4,"3,4,6,13",822,4.6739,0.0261,0.0261,,0.008,0.008,0.00099,0.00099,constant,constant,decelerating,True,,,,0.2131,0.2131,,30.10545,,0.0261,0.90909,0.69708,True
TFMN4.exp2.ACN3788.concX_largeLib_SpeI.3,concX_largeLib_SpeI,3,A90-B108,A90,B108,4,"3,4,6,13",138,2.0434,0.199,0.199,,0.0585,0.0585,0.00754,0.00754,constant,constant,decelerating,True,,,,0.9725,0.9725,,2.7414,,0.199,0.0622,0.30292,True
TFMN4.exp2.ACN3788.concX_largeLib_SpeI.4,concX_largeLib_SpeI,4,A153-B30,A153,B30,4,"3,4,6,13",22,1.5242,-0.0432,-0.0432,,-0.0104,-0.0104,-0.00164,-0.00164,constant,constant,decelerating,True,,,,0.0369,0.0369,,6.27655,,-0.0432,0.02158,0.00461,True
TFMN4.exp2.ACN3788.concX_largeLib_SpeI.4,concX_largeLib_SpeI,4,A176-B151,A176,B151,2,"3,4",5,0.3579,-0.1435,-0.1435,,-0.0422,-0.0422,-0.00544,-0.00544,constant,constant,none,False,,,,0.6223,0.6223,,0.56812,,-0.1435,0.02158,0.0,True
TFMN4.exp2.ACN3788.concX_largeLib_SpeI.4,concX_largeLib_SpeI,4,A196-B119,A196,B119,2,"4,6",2,-0.3893,0.0026,0.0026,,0.0021,0.0021,0.0001,0.0001,constant,constant,none,False,,,,0.0002,0.0002,,0.95986,,0.0026,0.0,0.0,True
TFMN4.exp2.ACN3788.concX_largeLib_SpeI.4,concX_largeLib_SpeI,4,A196-B145,A196,B145,3,"4,6,13",5,0.0764,0.0438,0.0438,,0.0136,0.0136,0.00166,0.00166,constant,constant,none,False,,,,0.0943,0.0943,,1.58157,,0.0438,0.0,0.00461,True
TFMN4.exp2.ACN3788.concX_largeLib_SpeI.4,concX_largeLib_SpeI,4,A196-B151,A196,B151,3,"3,4,6",156,2.2553,0.6679,0.6679,,0.1908,0.1908,0.0253,0.0253,constant,constant,none,False,,,,0.5743,0.5743,,58.62994,,0.6679,0.05036,0.0,True
TFMN4.exp2.ACN3788.concX_largeLib_SpeI.4,concX_largeLib_SpeI,4,A20-B151,A20,B151,2,"3,6",3,-0.001,-0.0677,-0.0677,,-0.0195,-0.0195,-0.00256,-0.00256,constant,constant,none,False,,,,0.1596,0.1596,,1.06186,,-0.0677,0.01439,0.0,True
TFMN4.exp2.ACN3788.concX_largeLib_SpeI.4,concX_largeLib_SpeI,4,A20-B70,A20,B70,3,"3,4,6",3,-0.21,-0.0278,-0.0278,,-0.0074,-0.0074,-0.00105,-0.00105,constant,constant,none,False,,,,0.1041,0.1041,,0.27051,,-0.0278,0.00719,0.0,True
TFMN4.exp2.ACN3788.concX_largeLib_SpeI.4,concX_largeLib_SpeI,4,A63-B151,A63,B151,2,"3,4",15,1.436,-0.2881,-0.2881,,-0.0842,-0.0842,-0.01091,-0.01091,constant,constant,none,False,,,,0.6942,0.6942,,1.88479,,-0.2881,0.07194,0.0,True
TFMN4.exp2.ACN3788.concX_largeLib_SpeI.4,concX_largeLib_SpeI,4,A78-B171,A78,B171,2,"3,4",20,1.8203,-0.3722,-0.3722,,-0.1096,-0.1096,-0.0141,-0.0141,constant,constant,none,False,,,,0.6035,0.6035,,4.86881,,-0.3722,0.11511,0.0,True
TFMN4.exp2.ACN3788.concX_largeLib_SpeI.4,concX_largeLib_SpeI,4,A78-B2,A78,B2,4,"3,4,6,13",20,0.8388,0.115,0.115,,0.034,0.034,0.00436,0.00436,constant,constant,decelerating,True,,,,0.7476,0.7476,,1.64964,,0.115,0.01439,0.03226,True
TFMN4.exp2.ACN3788.concX_largeLib_SpeI.4,concX_largeLib_SpeI,4,A81-B120,A81,B120,4,"3,4,6,13",19,1.1232,0.0413,0.0413,,0.0132,0.0132,0.00157,0.00157,constant,constant,decelerating,True,,,,0.0769,0.0769,,4.60715,,0.0413,0.02158,0.01382,True
TFMN4.exp2.ACN3788.concX_largeLib_SpeI.4,concX_largeLib_SpeI,4,A81-B177,A81,B177,3,"3,4,6",7,0.5853,-0.1543,-0.1543,,-0.0448,-0.0448,-0.00584,-0.00584,constant,constant,none,False,,,,0.823,0.823,,0.25592,,-0.1543,0.02878,0.0,True
TFMN4.exp2.ACN3788.concX_largeLib_SpeI.4,concX_largeLib_SpeI,4,A81-B65,A81,B65,3,"3,4,6",4,0.0457,-0.0562,-0.0562,,-0.0154,-0.0154,-0.00213,-0.00213,constant,constant,none,False,,,,0.2296,0.2296,,0.44461,,-0.0562,0.00719,0.0,True
TFMN4.exp2.ACN3788.concX_largeLib_SpeI.4,concX_largeLib_SpeI,4,A81-B75,A81,B75,3,"3,4,6",18,1.5257,-0.2786,-0.2786,,-0.0802,-0.0802,-0.01055,-0.01055,constant,constant,none,False,,,,0.8617,0.8617,,0.76967,,-0.2786,0.07914,0.0,True
TFMN4.exp2.ACN3788.concX_largeLib_SpeI.4,concX_largeLib_SpeI,4,A81-B84,A81,B84,4,"3,4,6,13",15,1.1527,-0.0677,-0.0677,,-0.0188,-0.0188,-0.00256,-0.00256,constant,constant,decelerating,True,,,,0.1778,0.1778,,2.58141,,-0.0677,0.02158,0.00461,True
TFMN4.exp2.ACN3788.concX_largeLib_SpeI.4,concX_largeLib_SpeI,4,A83-B151,A83,B151,4,"3,4,6,13",109,3.2294,-0.0948,-0.0948,,-0.0269,-0.0269,-0.00359,-0.00359,constant,constant,decelerating,True,,,,0.1449,0.1449,,43.4473,,-0.0948,0.10791,0.04608,True
TFMN4.exp2.ACN3788.concX_largeLib_SpeI.4,concX_largeLib_SpeI,4,A83-B40,A83,B40,3,"3,4,6",9,1.0597,-0.1688,-0.1688,,-0.0473,-0.0473,-0.0064,-0.0064,constant,constant,none,False,,,,0.2148,0.2148,,4.66118,,-0.1688,0.00719,0.0,True
TFMN4.exp2.ACN3788.concX_largeLib_SpeI.4,concX_largeLib_SpeI,4,A90-B171,A90,B171,2,"3,4",3,-0.0607,-0.0774,-0.0774,,-0.0222,-0.0222,-0.00293,-0.00293,constant,constant,none,False,,,,0.2581,0.2581,,0.7033,,-0.0774,0.00719,0.0,True
TFMN4.exp2.ACN3788.concX_largeLib_SpeI.4,concX_largeLib_SpeI,4,A90-B75,A90,B75,3,"3,4,6",8,0.6836,-0.1427,-0.1427,,-0.0405,-0.0405,-0.00541,-0.00541,constant,constant,none,False,,,,0.6766,0.6766,,0.47133,,-0.1427,0.02158,0.0,True
TFMN4.exp2.ACN3788.concX_largeLib_SpeI.5,concX_largeLib_SpeI,5,A153-B30,A153,B30,3,"3,4,6",22,1.7687,-0.2215,-0.2215,,-0.0637,-0.0637,-0.00839,-0.00839,constant,constant,none,False,,,,0.6188,0.6188,,1.98258,,-0.2215,0.10286,0.0,True
TFMN4.exp2.ACN3788.concX_largeLib_SpeI.5,concX_largeLib_SpeI,5,A153-B77,A153,B77,2,"3,4",5,0.3741,-0.0759,-0.0759,,-0.0224,-0.0224,-0.00287,-0.00287,constant,constant,none,False,,,,0.5691,0.5691,,0.20426,,-0.0759,0.02286,0.0,True
TFMN4.exp2.ACN3788.concX_largeLib_SpeI.5,concX_largeLib_SpeI,5,A196-B117,A196,B117,2,"3,4",2,-0.279,0.0174,0.0174,,0.0056,0.0056,0.00066,0.00066,constant,constant,none,False,,,,0.0219,0.0219,,0.54103,,0.0174,0.00571,0.0,True
TFMN4.exp2.ACN3788.concX_largeLib_SpeI.5,concX_largeLib_SpeI,5,A78-B30,A78,B30,3,"3,4,6",64,2.7995,-0.3267,-0.3267,,-0.0906,-0.0906,-0.01238,-0.01238,constant,constant,none,False,,,,0.8367,0.8367,,1.59043,,-0.3267,0.25714,0.0,True
TFMN4.exp2.ACN3788.concX_largeLib_SpeI.5,concX_largeLib_SpeI,5,A78-B59,A78,B59,3,"3,4,6",9,0.8277,-0.0902,-0.0902,,-0.0256,-0.0256,-0.00342,-0.00342,constant,constant,none,False,,,,0.9098,0.9098,,0.04272,,-0.0902,0.03429,0.0,True
TFMN4.exp2.ACN3788.concX_largeLib_SpeI.5,concX_largeLib_SpeI,5,A78-B75,A78,B75,3,"3,4,6",13,1.1723,-0.1022,-0.1022,,-0.0287,-0.0287,-0.00387,-0.00387,constant,constant,none,False,,,,0.4734,0.4734,,0.69695,,-0.1022,0.05143,0.0,True
TFMN4.exp2.ACN3788.concX_largeLib_SpeI.5,concX_largeLib_SpeI,5,A78-B77,A78,B77,2,"3,4",8,0.8488,-0.0858,-0.0858,,-0.0233,-0.0233,-0.00325,-0.00325,constant,constant,none,False,,,,0.1211,0.1211,,2.50384,,-0.0858,0.02286,0.0,True
TFMN4.exp2.ACN3788.concX_largeLib_SpeI.5,concX_largeLib_SpeI,5,A81-B145,A81,B145,2,"3,4",15,1.3974,-0.1461,-0.1461,,-0.0405,-0.0405,-0.00553,-0.00553,constant,constant,none,False,,,,0.3105,0.3105,,2.41795,,-0.1461,0.05143,0.0,True
TFMN4.exp2.ACN3788.concX_largeLib_SpeI.5,concX_largeLib_SpeI,5,A81-B30,A81,B30,2,"3,4",11,1.1611,-0.1883,-0.1883,,-0.0556,-0.0556,-0.00713,-0.00713,constant,constant,none,False,,,,0.5128,0.5128,,1.72109,,-0.1883,0.05714,0.0,True
TFMN4.exp2.ACN3788.concX_largeLib_SpeI.5,concX_largeLib_SpeI,5,A83-B151,A83,B151,2,"3,4",3,-0.0446,-0.0161,-0.0161,,-0.0045,-0.0045,-0.00061,-0.00061,constant,constant,none,False,,,,0.0623,0.0623,,0.168,,-0.0161,0.01143,0.0,True
TFMN4.exp2.ACN3788.concX_largeLib_SpeI.5,concX_largeLib_SpeI,5,A83-B42,A83,B42,4,"3,4,6,13",539,4.34,0.1683,0.1683,,0.05,0.05,0.00638,0.00638,constant,constant,decelerating,True,,,,0.6458,0.6458,,145.62117,,0.1683,0.18857,1.0,True
TFMN4.exp2.ACN3788.concX_largeLib_SpeI.5,concX_largeLib_SpeI,5,A90-B120,A90,B120,2,"3,4",10,1.0582,-0.1004,-0.1004,,-0.0271,-0.0271,-0.0038,-0.0038,constant,constant,none,False,,,,0.1308,0.1308,,3.21267,,-0.1004,0.02857,0.0,True
TFMN4.exp2.ACN3788.concX_largeLib_SpeI_cleanup.1,concX_largeLib_SpeI_cleanup,1,A143-B117,A143,B117,3,"3,4,6",4,-0.0711,-0.0367,-0.0367,,-0.0103,-0.0103,-0.00139,-0.00139,constant,constant,none,False,,,,0.4613,0.4613,,0.06604,,-0.0367,0.00855,0.0,True
TFMN4.exp2.ACN3788.concX_largeLib_SpeI_cleanup.1,concX_largeLib_SpeI_cleanup,1,A153-B77,A153,B77,4,"3,4,6,13",84,2.764,0.0042,0.0042,,0.0032,0.0032,0.00016,0.00016,constant,constant,decelerating,True,,,,0.0003,0.0003,,31.08194,,0.0042,0.02564,0.03243,True
TFMN4.exp2.ACN3788.concX_largeLib_SpeI_cleanup.1,concX_largeLib_SpeI_cleanup,1,A16-B154,A16,B154,3,"3,4,6",9,0.5896,-0.0471,-0.0471,,-0.0121,-0.0121,-0.00178,-0.00178,constant,constant,none,False,,,,0.1154,0.1154,,0.84347,,-0.0471,0.01709,0.0,True
TFMN4.exp2.ACN3788.concX_largeLib_SpeI_cleanup.1,concX_largeLib_SpeI_cleanup,1,A176-B120,A176,B120,4,"3,4,6,13",24,1.3542,0.0166,0.0166,,0.0057,0.0057,0.00063,0.00063,constant,constant,decelerating,True,,,,0.012,0.012,,4.4892,,0.0166,0.05128,0.01081,True
TFMN4.exp2.ACN3788.concX_largeLib_SpeI_cleanup.1,concX_largeLib_SpeI_cleanup,1,A176-B27,A176,B27,2,"3,4",8,0.716,-0.1527,-0.1527,,-0.0443,-0.0443,-0.00578,-0.00578,constant,constant,none,False,,,,0.4663,0.4663,,1.2175,,-0.1527,0.02564,0.0,True
TFMN4.exp2.ACN3788.concX_largeLib_SpeI_cleanup.1,concX_largeLib_SpeI_cleanup,1,A186-B2,A186,B2,2,"3,4",6,0.5207,-0.1137,-0.1137,,-0.0323,-0.0323,-0.00431,-0.00431,constant,constant,none,False,,,,0.1915,0.1915,,2.29031,,-0.1137,0.00855,0.0,True
TFMN4.exp2.ACN3788.concX_largeLib_SpeI_cleanup.1,concX_largeLib_SpeI_cleanup,1,A186-B79,A186,B79,2,"4,6",8,0.7147,-0.0648,-0.0648,,-0.0171,-0.0171,-0.00245,-0.00245,constant,constant,none,False,,,,0.0663,0.0663,,2.53516,,-0.0648,0.0,0.0,True
TFMN4.exp2.ACN3788.concX_largeLib_SpeI_cleanup.1,concX_largeLib_SpeI_cleanup,1,A20-B165,A20,B165,2,"3,4",7,0.7472,-0.2008,-0.2008,,-0.0599,-0.0599,-0.00761,-0.00761,constant,constant,none,False,,,,0.4237,0.4237,,2.63304,,-0.2008,0.04274,0.0,True
TFMN4.exp2.ACN3788.concX_largeLib_SpeI_cleanup.1,concX_largeLib_SpeI_cleanup,1,A63-B171,A63,B171,2,"3,4",4,0.0908,-0.0778,-0.0778,,-0.0225,-0.0225,-0.00295,-0.00295,constant,constant,none,False,,,,0.2149,0.2149,,0.91495,,-0.0778,0.00855,0.0,True
TFMN4.exp2.ACN3788.concX_largeLib_SpeI_cleanup.1,concX_largeLib_SpeI_cleanup,1,A78-B117,A78,B117,4,"3,4,6,13",120,2.94,0.0286,0.0286,,0.0099,0.0099,0.00108,0.00108,constant,constant,decelerating,True,,,,0.0215,0.0215,,32.71945,,0.0286,0.08547,0.06486,True
TFMN4.exp2.ACN3788.concX_largeLib_SpeI_cleanup.1,concX_largeLib_SpeI_cleanup,1,A78-B18,A78,B18,2,"3,4",2,-0.4474,-0.033,-0.033,,-0.0102,-0.0102,-0.00125,-0.00125,constant,constant,none,False,,,,0.1249,0.1249,,0.30478,,-0.033,0.00855,0.0,True
TFMN4.exp2.ACN3788.concX_largeLib_SpeI_cleanup.1,concX_largeLib_SpeI_cleanup,1,A78-B30,A78,B30,4,"3,4,6,13",117,2.3903,0.1753,0.1753,,0.0524,0.0524,0.00664,0.00664,constant,constant,decelerating,True,,,,0.6195,0.6195,,33.23301,,0.1753,0.03419,0.25946,True
TFMN4.exp2.ACN3788.concX_largeLib_SpeI_cleanup.1,concX_largeLib_SpeI_cleanup,1,A81-B123,A81,B123,2,"3,4",23,1.7828,-0.269,-0.269,,-0.0769,-0.0769,-0.01019,-0.01019,constant,constant,none,False,,,,0.596,0.596,,2.55061,,-0.269,0.08547,0.0,True
TFMN4.exp2.ACN3788.concX_largeLib_SpeI_cleanup.1,concX_largeLib_SpeI_cleanup,1,A81-B140,A81,B140,3,"3,4,6",8,0.5261,-0.0788,-0.0788,,-0.0219,-0.0219,-0.00298,-0.00298,constant,constant,none,False,,,,0.524,0.524,,0.27124,,-0.0788,0.01709,0.0,True
TFMN4.exp2.ACN3788.concX_largeLib_SpeI_cleanup.1,concX_largeLib_SpeI_cleanup,1,A81-B177,A81,B177,2,"4,6",11,1.0598,-0.0885,-0.0885,,-0.0237,-0.0237,-0.00335,-0.00335,constant,constant,none,False,,,,0.0961,0.0961,,3.38705,,-0.0885,0.0,0.0,True
TFMN4.exp2.ACN3788.concX_largeLib_SpeI_cleanup.1,concX_largeLib_SpeI_cleanup,1,A81-B47,A81,B47,2,"4,6",6,0.3295,0.0434,0.0434,,0.0157,0.0157,0.00164,0.00164,constant,constant,none,False,,,,0.0168,0.0168,,4.18462,,0.0434,0.0,0.0,True
TFMN4.exp2.ACN3788.concX_largeLib_SpeI_cleanup.1,concX_largeLib_SpeI_cleanup,1,A81-B51,A81,B51,3,"3,4,6",37,2.1811,-0.3066,-0.3066,,-0.0858,-0.0858,-0.01161,-0.01161,constant,constant,none,False,,,,0.7927,0.7927,,1.69127,,-0.3066,0.11966,0.0,True
TFMN4.exp2.ACN3788.concX_largeLib_SpeI_cleanup.1,concX_largeLib_SpeI_cleanup,1,A83-B101,A83,B101,4,"3,4,6,13",14,0.851,0.0042,0.0042,,0.002,0.002,0.00016,0.00016,constant,constant,decelerating,True,,,,0.0018,0.0018,,1.20707,,0.0042,0.02564,0.00541,True
TFMN4.exp2.ACN3788.concX_largeLib_SpeI_cleanup.1,concX_largeLib_SpeI_cleanup,1,A83-B40,A83,B40,4,"3,4,6,13",59,2.4654,-0.1765,-0.1765,,-0.0497,-0.0497,-0.00669,-0.00669,constant,constant,decelerating,True,,,,0.9635,0.9635,,0.21711,,-0.1765,0.17094,0.00541,True
TFMN4.exp2.ACN3788.concX_largeLib_SpeI_cleanup.1,concX_largeLib_SpeI_cleanup,1,A83-B50,A83,B50,3,"3,4,6",7,0.4663,-0.0885,-0.0885,,-0.0255,-0.0255,-0.00335,-0.00335,constant,constant,none,False,,,,0.3484,0.3484,,0.73261,,-0.0885,0.02564,0.0,True
TFMN4.exp2.ACN3788.concX_largeLib_SpeI_cleanup.1,concX_largeLib_SpeI_cleanup,1,A90-B136,A90,B136,2,"3,4",2,-0.4474,-0.033,-0.033,,-0.0102,-0.0102,-0.00125,-0.00125,constant,constant,none,False,,,,0.1249,0.1249,,0.30478,,-0.033,0.00855,0.0,True
TFMN4.exp2.ACN3788.concX_largeLib_SpeI_cleanup.1,concX_largeLib_SpeI_cleanup,1,A90-B70,A90,B70,2,"4,6",2,-0.5738,0.0359,0.0359,,0.0115,0.0115,0.00136,0.00136,constant,constant,none,False,,,,0.0717,0.0717,,0.57925,,0.0359,0.0,0.0,True
TFMN4.exp2.ACN3788.concX_largeLib_SpeI_cleanup.3,concX_largeLib_SpeI_cleanup,3,A143-B84,A143,B84,2,"3,6",3,-0.5135,-0.0027,-0.0027,,-0.0007,-0.0007,-0.0001,-0.0001,constant,constant,none,False,,,,0.0004,0.0004,,0.91583,,-0.0027,0.01299,0.0,True
TFMN4.exp2.ACN3788.concX_largeLib_SpeI_cleanup.3,concX_largeLib_SpeI_cleanup,3,A153-B30,A153,B30,4,"3,4,6,13",94,2.3838,0.0074,0.0074,,0.0041,0.0041,0.00028,0.00028,constant,constant,decelerating,True,,,,0.0013,0.0013,,13.77948,,0.0074,0.22078,0.01307,True
TFMN4.exp2.ACN3788.concX_largeLib_SpeI_cleanup.3,concX_largeLib_SpeI_cleanup,3,A176-B30,A176,B30,3,"3,4,6",34,1.2628,0.1531,0.1531,,0.0465,0.0465,0.0058,0.0058,constant,constant,none,False,,,,0.1753,0.1753,,10.01013,,0.1531,0.05195,0.0,True
TFMN4.exp2.ACN3788.concX_largeLib_SpeI_cleanup.3,concX_largeLib_SpeI_cleanup,3,A186-B165,A186,B165,2,"3,4",9,0.4904,-0.1779,-0.1779,,-0.0528,-0.0528,-0.00674,-0.00674,constant,constant,none,False,,,,0.4651,0.4651,,1.80693,,-0.1779,0.04545,0.0,True
TFMN4.exp2.ACN3788.concX_largeLib_SpeI_cleanup.3,concX_largeLib_SpeI_cleanup,3,A78-B117,A78,B117,4,"3,4,6,13",8,-0.0573,0.0602,0.0602,,0.018,0.018,0.00228,0.00228,constant,constant,decelerating,True,,,,0.4232,0.4232,,0.53453,,0.0602,0.01299,0.00654,True
TFMN4.exp2.ACN3788.concX_largeLib_SpeI_cleanup.3,concX_largeLib_SpeI_cleanup,3,A81-B30,A81,B30,3,"3,4,6",7,0.0914,-0.089,-0.089,,-0.0259,-0.0259,-0.00337,-0.00337,constant,constant,none,False,,,,0.8117,0.8117,,0.09194,,-0.089,0.02597,0.0,True
TFMN4.exp2.ACN3788.concX_largeLib_SpeI_cleanup.3,concX_largeLib_SpeI_cleanup,3,A81-B41,A81,B41,2,"3,4",5,-0.1007,-0.0634,-0.0634,,-0.0179,-0.0179,-0.0024,-0.0024,constant,constant,none,False,,,,0.1233,0.1233,,1.25057,,-0.0634,0.01299,0.0,True
TFMN4.exp2.ACN3788.concX_largeLib_SpeI_cleanup.3,concX_largeLib_SpeI_cleanup,3,A81-B6,A81,B6,4,"3,4,6,13",371,3.1297,0.1988,0.1988,,0.059,0.059,0.00753,0.00753,constant,constant,decelerating,True,,,,0.7902,0.7902,,63.55531,,0.1988,0.20779,0.95425,True
TFMN4.exp2.ACN3788.concX_largeLib_SpeI_cleanup.3,concX_largeLib_SpeI_cleanup,3,A83-B50,A83,B50,3,"3,4,6",6,-0.0849,-0.0147,-0.0147,,-0.0036,-0.0036,-0.00056,-0.00056,constant,constant,none,False,,,,0.011,0.011,,0.96339,,-0.0147,0.01948,0.0,True
TFMN4.exp2.ACN3788.concX_largeLib_SpeI_cleanup.3,concX_largeLib_SpeI_cleanup,3,A90-B123,A90,B123,3,"3,4,13",5,-0.3037,0.0702,0.0702,,0.0207,0.0207,0.00266,0.00266,constant,constant,none,False,,,,0.1989,0.1989,,2.0018,,0.0702,0.00649,0.00654,True
TFMN4.exp2.ACN3788.concX_largeLib_SpeI_cleanup.3,concX_largeLib_SpeI_cleanup,3,A90-B47,A90,B47,3,"3,4,6",11,0.5282,-0.1272,-0.1272,,-0.036,-0.036,-0.00482,-0.00482,constant,constant,none,False,,,,0.547,0.547,,0.69267,,-0.1272,0.03247,0.0,True
TFMN4.exp2.ACN3788.concX_largeLib_SpeI_cleanup.3,concX_largeLib_SpeI_cleanup,3,A90-B59,A90,B59,2,"3,4",3,-0.5448,-0.0357,-0.0357,,-0.0109,-0.0109,-0.00135,-0.00135,constant,constant,none,False,,,,0.1523,0.1523,,0.30639,,-0.0357,0.01299,0.0,True
TFMN4.exp2.ACN3788.concX_largeLib_SpeI_cleanup.3,concX_largeLib_SpeI_cleanup,3,A90-B75,A90,B75,4,"3,4,6,13",140,2.8318,-0.0392,-0.0392,,-0.0087,-0.0087,-0.00149,-0.00149,constant,constant,decelerating,True,,,,0.0428,0.0428,,13.20179,,-0.0392,0.31169,0.01307,True
TFMN4.exp2.ACN3788.concX_smallLib_PCR_DpnI_cleanup.3,concX_smallLib_PCR_DpnI_cleanup,3,A152-B154,A152,B154,3,"3,4,6",19,1.1916,-0.0792,-0.0792,,-0.0203,-0.0203,-0.003,-0.003,constant,constant,none,False,,,,0.1173,0.1173,,3.1455,,-0.0792,0.0495,0.0,True
TFMN4.exp2.ACN3788.concX_smallLib_PCR_DpnI_cleanup.3,concX_smallLib_PCR_DpnI_cleanup,3,A153-B137,A153,B137,4,"3,4,6,13",33,1.6665,-0.0092,-0.0092,,0.0002,0.0002,-0.00035,-0.00035,constant,constant,decelerating,True,,,,0.0009,0.0009,,14.48794,,-0.0092,0.06931,0.00532,True
TFMN4.exp2.ACN3788.concX_smallLib_PCR_DpnI_cleanup.3,concX_smallLib_PCR_DpnI_cleanup,3,A153-B77,A153,B77,4,"3,4,6,13",48,1.4311,0.1211,0.1211,,0.0362,0.0362,0.00459,0.00459,constant,constant,decelerating,True,,,,0.4587,0.4587,,13.57218,,0.1211,0.0396,0.1117,True
TFMN4.exp2.ACN3788.concX_smallLib_PCR_DpnI_cleanup.3,concX_smallLib_PCR_DpnI_cleanup,3,A196-B168,A196,B168,4,"3,4,6,13",141,2.696,0.0532,0.0532,,0.016,0.016,0.00202,0.00202,constant,constant,decelerating,True,,,,0.3018,0.3018,,13.9672,,0.0532,0.09901,0.21277,True
TFMN4.exp2.ACN3788.concX_smallLib_PCR_DpnI_cleanup.3,concX_smallLib_PCR_DpnI_cleanup,3,A20-B95,A20,B95,2,"6,13",4,-0.0557,0.0269,0.0269,,0.0093,0.0093,0.00102,0.00102,constant,constant,none,False,,,,0.0128,0.0128,,3.84227,,0.0269,0.0,0.00532,True
TFMN4.exp2.ACN3788.concX_smallLib_PCR_DpnI_cleanup.3,concX_smallLib_PCR_DpnI_cleanup,3,A63-B40,A63,B40,4,"3,4,6,13",5,-0.2298,0.0087,0.0087,,0.0026,0.0026,0.00033,0.00033,constant,constant,decelerating,True,,,,0.3602,0.3602,,0.01289,,0.0087,0.0099,0.00532,True
TFMN4.exp2.ACN3788.concX_smallLib_PCR_DpnI_cleanup.3,concX_smallLib_PCR_DpnI_cleanup,3,A81-B101,A81,B101,3,"3,4,6",12,0.9167,-0.1157,-0.1157,,-0.0309,-0.0309,-0.00438,-0.00438,constant,constant,none,False,,,,0.1718,0.1718,,3.21152,,-0.1157,0.0099,0.0,True
TFMN4.exp2.ACN3788.concX_smallLib_PCR_DpnI_cleanup.3,concX_smallLib_PCR_DpnI_cleanup,3,A81-B61,A81,B61,3,"3,4,6",13,0.9417,-0.1742,-0.1742,,-0.0489,-0.0489,-0.0066,-0.0066,constant,constant,none,False,,,,0.8419,0.8419,,0.31762,,-0.1742,0.0396,0.0,True
TFMN4.exp2.ACN3788.concX_smallLib_PCR_DpnI_cleanup.3,concX_smallLib_PCR_DpnI_cleanup,3,A96-B26,A96,B26,3,"3,4,13",4,-0.32,0.0096,0.0096,,0.0026,0.0026,0.00036,0.00036,constant,constant,none,False,,,,0.0146,0.0146,,0.59771,,0.0096,0.0099,0.00532,True
TFMN4.exp2.ACN3788.concX_smallLib_PCR_DpnI_cleanup.3,concX_smallLib_PCR_DpnI_cleanup,3,A96-B87,A96,B87,3,"3,4,6",7,0.3312,-0.0727,-0.0727,,-0.0195,-0.0195,-0.00276,-0.00276,constant,constant,none,False,,,,0.1274,0.1274,,1.73987,,-0.0727,0.0198,0.0,True
TFMN4.exp2.ACN3788.concY_largeLib_PCR_DpnI_cleanup.2,concY_largeLib_PCR_DpnI_cleanup,2,A143-B13,A143,B13,2,"3,4",4,0.233,-0.1125,-0.1125,,-0.0332,-0.0332,-0.00426,-0.00426,constant,constant,none,False,,,,0.4053,0.4053,,0.80765,,-0.1125,0.01515,0.0,True
TFMN4.exp2.ACN3788.concY_largeLib_PCR_DpnI_cleanup.2,concY_largeLib_PCR_DpnI_cleanup,2,A143-B137,A143,B137,3,"3,4,6",13,0.9871,-0.0212,-0.0212,,-0.0035,-0.0035,-0.0008,-0.0008,constant,constant,none,False,,,,0.0089,0.0089,,2.72488,,-0.0212,0.01515,0.0,True
TFMN4.exp2.ACN3788.concY_largeLib_PCR_DpnI_cleanup.2,concY_largeLib_PCR_DpnI_cleanup,2,A152-B47,A152,B47,3,"3,4,6",5,0.2755,-0.0997,-0.0997,,-0.0291,-0.0291,-0.00378,-0.00378,constant,constant,none,False,,,,0.8673,0.8673,,0.06913,,-0.0997,0.01515,0.0,True
TFMN4.exp2.ACN3788.concY_largeLib_PCR_DpnI_cleanup.2,concY_largeLib_PCR_DpnI_cleanup,2,A16-B117,A16,B117,2,"4,6",2,-0.4601,0.0127,0.0127,,0.0045,0.0045,0.00048,0.00048,constant,constant,none,False,,,,0.012,0.012,,0.45884,,0.0127,0.0,0.0,True
TFMN4.exp2.ACN3788.concY_largeLib_PCR_DpnI_cleanup.2,concY_largeLib_PCR_DpnI_cleanup,2,A16-B140,A16,B140,3,"3,4,6",3,-0.195,-0.0322,-0.0322,,-0.0092,-0.0092,-0.00122,-0.00122,constant,constant,none,False,,,,0.6252,0.6252,,0.02535,,-0.0322,0.00758,0.0,True
TFMN4.exp2.ACN3788.concY_largeLib_PCR_DpnI_cleanup.2,concY_largeLib_PCR_DpnI_cleanup,2,A16-B145,A16,B145,3,"3,4,6",15,1.3129,-0.1726,-0.1726,,-0.0482,-0.0482,-0.00654,-0.00654,constant,constant,none,False,,,,0.5368,0.5368,,1.4424,,-0.1726,0.0303,0.0,True
TFMN4.exp2.ACN3788.concY_largeLib_PCR_DpnI_cleanup.2,concY_largeLib_PCR_DpnI_cleanup,2,A186-B117,A186,B117,3,"3,4,6",4,-0.0188,-0.0102,-0.0102,,-0.002,-0.002,-0.00039,-0.00039,constant,constant,none,False,,,,0.0073,0.0073,,0.58073,,-0.0102,0.00758,0.0,True
TFMN4.exp2.ACN3788.concY_largeLib_PCR_DpnI_cleanup.2,concY_largeLib_PCR_DpnI_cleanup,2,A186-B84,A186,B84,2,"3,4",3,0.0462,-0.1008,-0.1008,,-0.0303,-0.0303,-0.00382,-0.00382,constant,constant,none,False,,,,0.3203,0.3203,,0.93176,,-0.1008,0.01515,0.0,True
TFMN4.exp2.ACN3788.concY_largeLib_PCR_DpnI_cleanup.2,concY_largeLib_PCR_DpnI_cleanup,2,A196-B119,A196,B119,3,"3,4,6",22,1.3519,0.0892,0.0892,,0.0296,0.0296,0.00338,0.00338,constant,constant,none,False,,,,0.0541,0.0541,,8.60972,,0.0892,0.01515,0.0,True
TFMN4.exp2.ACN3788.concY_largeLib_PCR_DpnI_cleanup.2,concY_largeLib_PCR_DpnI_cleanup,2,A196-B15,A196,B15,3,"3,4,6",11,1.3504,-0.2039,-0.2039,,-0.0578,-0.0578,-0.00772,-0.00772,constant,constant,none,False,,,,0.2317,0.2317,,6.23726,,-0.2039,0.00758,0.0,True
TFMN4.exp2.ACN3788.concY_largeLib_PCR_DpnI_cleanup.2,concY_largeLib_PCR_DpnI_cleanup,2,A196-B151,A196,B151,4,"3,4,6,13",140,3.1138,0.0244,0.0244,,0.0086,0.0086,0.00093,0.00093,constant,constant,decelerating,True,,,,0.021,0.021,,28.90444,,0.0244,0.14394,0.06667,True
TFMN4.exp2.ACN3788.concY_largeLib_PCR_DpnI_cleanup.2,concY_largeLib_PCR_DpnI_cleanup,2,A196-B38,A196,B38,4,"3,4,6,13",36,1.7803,-0.0065,-0.0065,,-0.0016,-0.0016,-0.00025,-0.00025,constant,constant,decelerating,True,,,,0.0207,0.0207,,0.67607,,-0.0065,0.06061,0.01905,True
TFMN4.exp2.ACN3788.concY_largeLib_PCR_DpnI_cleanup.2,concY_largeLib_PCR_DpnI_cleanup,2,A196-B46,A196,B46,2,"4,6",9,1.0842,-0.1416,-0.1416,,-0.0399,-0.0399,-0.00536,-0.00536,constant,constant,none,False,,,,0.2217,0.2217,,3.09594,,-0.1416,0.0,0.0,True
TFMN4.exp2.ACN3788.concY_largeLib_PCR_DpnI_cleanup.2,concY_largeLib_PCR_DpnI_cleanup,2,A196-B52,A196,B52,3,"3,4,6",11,0.8367,-0.0371,-0.0371,,-0.009,-0.009,-0.0014,-0.0014,constant,constant,none,False,,,,0.044,0.044,,1.64118,,-0.0371,0.02273,0.0,True
TFMN4.exp2.ACN3788.concY_largeLib_PCR_DpnI_cleanup.2,concY_largeLib_PCR_DpnI_cleanup,2,A196-B84,A196,B84,3,"3,4,6",61,2.5578,-0.0845,-0.0845,,-0.0203,-0.0203,-0.0032,-0.0032,constant,constant,none,False,,,,0.0728,0.0728,,10.33572,,-0.0845,0.08333,0.0,True
TFMN4.exp2.ACN3788.concY_largeLib_PCR_DpnI_cleanup.2,concY_largeLib_PCR_DpnI_cleanup,2,A20-B126,A20,B126,3,"3,4,6",17,1.5319,-0.1237,-0.1237,,-0.033,-0.033,-0.00468,-0.00468,constant,constant,none,False,,,,0.135,0.135,,5.34259,,-0.1237,0.00758,0.0,True
TFMN4.exp2.ACN3788.concY_largeLib_PCR_DpnI_cleanup.2,concY_largeLib_PCR_DpnI_cleanup,2,A63-B79,A63,B79,3,"3,4,6",7,0.6152,-0.1478,-0.1478,,-0.043,-0.043,-0.0056,-0.0056,constant,constant,none,False,,,,0.7908,0.7908,,0.2786,,-0.1478,0.02273,0.0,True
TFMN4.exp2.ACN3788.concY_largeLib_PCR_DpnI_cleanup.2,concY_largeLib_PCR_DpnI_cleanup,2,A78-B101,A78,B101,3,"3,4,6",8,0.7575,-0.1137,-0.1137,,-0.0325,-0.0325,-0.00431,-0.00431,constant,constant,none,False,,,,0.2913,0.2913,,1.70119,,-0.1137,0.0303,0.0,True
TFMN4.exp2.ACN3788.concY_largeLib_PCR_DpnI_cleanup.2,concY_largeLib_PCR_DpnI_cleanup,2,A78-B75,A78,B75,3,"3,4,6",5,0.2382,-0.0588,-0.0588,,-0.0167,-0.0167,-0.00223,-0.00223,constant,constant,none,False,,,,0.2194,0.2194,,0.56573,,-0.0588,0.01515,0.0,True
TFMN4.exp2.ACN3788.concY_largeLib_PCR_DpnI_cleanup.2,concY_largeLib_PCR_DpnI_cleanup,2,A81-B145,A81,B145,3,"3,4,6",17,1.2406,0.0283,0.0283,,0.0103,0.0103,0.00107,0.00107,constant,constant,none,False,,,,0.0076,0.0076,,6.97991,,0.0283,0.03788,0.0,True
TFMN4.exp2.ACN3788.concY_largeLib_PCR_DpnI_cleanup.2,concY_largeLib_PCR_DpnI_cleanup,2,A81-B2,A81,B2,4,"3,4,6,13",86,1.6833,0.2302,0.2302,,0.068,0.068,0.00872,0.00872,constant,constant,decelerating,True,,,,0.9486,0.9486,,4.17979,,0.2302,0.02273,0.21905,True
TFMN4.exp2.ACN3788.concY_largeLib_PCR_DpnI_cleanup.2,concY_largeLib_PCR_DpnI_cleanup,2,A81-B87,A81,B87,3,"3,4,6",14,1.112,-0.0794,-0.0794,,-0.0208,-0.0208,-0.00301,-0.00301,constant,constant,none,False,,,,0.1998,0.1998,,1.44103,,-0.0794,0.02273,0.0,True
TFMN4.exp2.ACN3788.concY_largeLib_PCR_DpnI_cleanup.2,concY_largeLib_PCR_DpnI_cleanup,2,A90-B26,A90,B26,3,"3,6,13",10,-0.2109,0.2298,0.2298,,0.0666,0.0666,0.00871,0.00871,constant,constant,none,False,,,,0.8307,0.8307,,2.48401,,0.2298,0.01515,0.03333,True
TFMN4.exp2.ACN3788.concY_largeLib_PCR_DpnI_cleanup.2,concY_largeLib_PCR_DpnI_cleanup,2,A90-B3,A90,B3,3,"4,6,13",13,0.0155,0.2163,0.2163,,0.0641,0.0641,0.00819,0.00819,constant,constant,none,False,,,,0.9118,0.9118,,1.09,,0.2163,0.0,0.03333,True
TFMN4.exp2.ACN3788.concY_largeLib_PCR_DpnI_cleanup.2,concY_largeLib_PCR_DpnI_cleanup,2,A96-B79,A96,B79,3,"3,4,6",12,1.174,-0.1212,-0.1212,,-0.034,-0.034,-0.00459,-0.00459,constant,constant,none,False,,,,0.2103,0.2103,,3.48557,,-0.1212,0.04545,0.0,True
TFMN4.exp2.ACN3788.concY_largeLib_PCR_DpnI_cleanup.3,concY_largeLib_PCR_DpnI_cleanup,3,A143-B117,A143,B117,2,"3,4",3,0.2261,-0.1282,-0.1282,,-0.038,-0.038,-0.00485,-0.00485,constant,constant,none,False,,,,0.5017,0.5017,,0.70479,,-0.1282,0.01266,0.0,True
TFMN4.exp2.ACN3788.concY_largeLib_PCR_DpnI_cleanup.3,concY_largeLib_PCR_DpnI_cleanup,3,A152-B151,A152,B151,2,"3,4",9,1.2282,-0.2543,-0.2543,,-0.0746,-0.0746,-0.00963,-0.00963,constant,constant,none,False,,,,0.6401,0.6401,,1.7789,,-0.2543,0.03797,0.0,True
TFMN4.exp2.ACN3788.concY_largeLib_PCR_DpnI_cleanup.3,concY_largeLib_PCR_DpnI_cleanup,3,A16-B117,A16,B117,3,"3,4,6",8,0.832,-0.0691,-0.0691,,-0.0185,-0.0185,-0.00262,-0.00262,constant,constant,none,False,,,,0.1072,0.1072,,2.06519,,-0.0691,0.01899,0.0,True
TFMN4.exp2.ACN3788.concY_largeLib_PCR_DpnI_cleanup.3,concY_largeLib_PCR_DpnI_cleanup,3,A16-B137,A16,B137,4,"3,4,6,13",17,1.2663,0.011,0.011,,0.0045,0.0045,0.00042,0.00042,constant,constant,decelerating,True,,,,0.0046,0.0046,,4.34346,,0.011,0.01899,0.01242,True
TFMN4.exp2.ACN3788.concY_largeLib_PCR_DpnI_cleanup.3,concY_largeLib_PCR_DpnI_cleanup,3,A16-B154,A16,B154,2,"3,6",4,0.3143,-0.012,-0.012,,-0.0015,-0.0015,-0.00046,-0.00046,constant,constant,none,False,,,,0.0022,0.0022,,2.54105,,-0.012,0.00633,0.0,True
TFMN4.exp2.ACN3788.concY_largeLib_PCR_DpnI_cleanup.3,concY_largeLib_PCR_DpnI_cleanup,3,A186-B147,A186,B147,2,"3,4",4,0.437,-0.1413,-0.1413,,-0.0413,-0.0413,-0.00535,-0.00535,constant,constant,none,False,,,,0.5162,0.5162,,0.81435,,-0.1413,0.01266,0.0,True
TFMN4.exp2.ACN3788.concY_largeLib_PCR_DpnI_cleanup.3,concY_largeLib_PCR_DpnI_cleanup,3,A186-B3,A186,B3,4,"3,4,6,13",17,1.509,-0.0801,-0.0801,,-0.022,-0.022,-0.00304,-0.00304,constant,constant,decelerating,True,,,,0.1694,0.1694,,3.76819,,-0.0801,0.01266,0.00621,True
TFMN4.exp2.ACN3788.concY_largeLib_PCR_DpnI_cleanup.3,concY_largeLib_PCR_DpnI_cleanup,3,A196-B123,A196,B123,2,"3,6",3,0.0816,-0.0257,-0.0257,,-0.0063,-0.0063,-0.00097,-0.00097,constant,constant,none,False,,,,0.0187,0.0187,,1.36428,,-0.0257,0.00633,0.0,True
TFMN4.exp2.ACN3788.concY_largeLib_PCR_DpnI_cleanup.3,concY_largeLib_PCR_DpnI_cleanup,3,A196-B136,A196,B136,3,"3,4,6",17,1.402,-0.0348,-0.0348,,-0.0073,-0.0073,-0.00132,-0.00132,constant,constant,none,False,,,,0.0221,0.0221,,3.40923,,-0.0348,0.02532,0.0,True
TFMN4.exp2.ACN3788.concY_largeLib_PCR_DpnI_cleanup.3,concY_largeLib_PCR_DpnI_cleanup,3,A196-B15,A196,B15,2,"4,6",4,0.39,-0.0654,-0.0654,,-0.0176,-0.0176,-0.00248,-0.00248,constant,constant,none,False,,,,0.0947,0.0947,,1.53392,,-0.0654,0.0,0.0,True
TFMN4.exp2.ACN3788.concY_largeLib_PCR_DpnI_cleanup.3,concY_largeLib_PCR_DpnI_cleanup,3,A196-B152,A196,B152,2,"3,4",3,0.2261,-0.1282,-0.1282,,-0.038,-0.038,-0.00485,-0.00485,constant,constant,none,False,,,,0.5017,0.5017,,0.70479,,-0.1282,0.01266,0.0,True
TFMN4.exp2.ACN3788.concY_largeLib_PCR_DpnI_cleanup.3,concY_largeLib_PCR_DpnI_cleanup,3,A196-B171,A196,B171,3,"3,4,6",27,1.8577,-0.058,-0.058,,-0.0138,-0.0138,-0.0022,-0.0022,constant,constant,none,False,,,,0.0682,0.0682,,3.69039,,-0.058,0.0443,0.0,True
TFMN4.exp2.ACN3788.concY_largeLib_PCR_DpnI_cleanup.3,concY_largeLib_PCR_DpnI_cleanup,3,A196-B2,A196,B2,4,"3,4,6,13",29,1.6494,0.0202,0.0202,,0.0065,0.0065,0.00076,0.00076,constant,constant,decelerating,True,,,,0.0696,0.0696,,1.91492,,0.0202,0.03165,0.03106,True
TFMN4.exp2.ACN3788.concY_largeLib_PCR_DpnI_cleanup.3,concY_largeLib_PCR_DpnI_cleanup,3,A196-B27,A196,B27,3,"3,4,6",16,1.5615,-0.1888,-0.1888,,-0.0532,-0.0532,-0.00715,-0.00715,constant,constant,none,False,,,,0.6103,0.6103,,1.55464,,-0.1888,0.05063,0.0,True
TFMN4.exp2.ACN3788.concY_largeLib_PCR_DpnI_cleanup.3,concY_largeLib_PCR_DpnI_cleanup,3,A196-B4,A196,B4,3,"3,4,6",11,1.3091,-0.2215,-0.2215,,-0.0631,-0.0631,-0.00839,-0.00839,constant,constant,none,False,,,,0.5621,0.5621,,1.92251,,-0.2215,0.02532,0.0,True
TFMN4.exp2.ACN3788.concY_largeLib_PCR_DpnI_cleanup.3,concY_largeLib_PCR_DpnI_cleanup,3,A196-B52,A196,B52,3,"3,4,6",12,1.6439,-0.234,-0.234,,-0.066,-0.066,-0.00887,-0.00887,constant,constant,none,False,,,,0.2827,0.2827,,6.59251,,-0.234,0.00633,0.0,True
TFMN4.exp2.ACN3788.concY_largeLib_PCR_DpnI_cleanup.3,concY_largeLib_PCR_DpnI_cleanup,3,A196-B75,A196,B75,3,"3,4,6",8,1.036,-0.153,-0.153,,-0.0428,-0.0428,-0.0058,-0.0058,constant,constant,none,False,,,,0.2815,0.2815,,2.72471,,-0.153,0.00633,0.0,True
TFMN4.exp2.ACN3788.concY_largeLib_PCR_DpnI_cleanup.3,concY_largeLib_PCR_DpnI_cleanup,3,A196-B79,A196,B79,4,"3,4,6,13",32,1.8953,-0.0408,-0.0408,,-0.0117,-0.0117,-0.00154,-0.00154,constant,constant,decelerating,True,,,,0.3104,0.3104,,1.24188,,-0.0408,0.05063,0.02484,True
TFMN4.exp2.ACN3788.concY_largeLib_PCR_DpnI_cleanup.3,concY_largeLib_PCR_DpnI_cleanup,3,A196-B87,A196,B87,4,"3,4,6,13",82,2.7809,-0.0211,-0.0211,,-0.0052,-0.0052,-0.0008,-0.0008,constant,constant,decelerating,True,,,,0.0378,0.0378,,7.95283,,-0.0211,0.10127,0.0559,True
TFMN4.exp2.ACN3788.concY_largeLib_PCR_DpnI_cleanup.3,concY_largeLib_PCR_DpnI_cleanup,3,A20-B71,A20,B71,4,"3,4,6,13",8,0.6006,0.0084,0.0084,,0.0032,0.0032,0.00032,0.00032,constant,constant,decelerating,True,,,,0.0046,0.0046,,1.55355,,0.0084,0.01266,0.00621,True
TFMN4.exp2.ACN3788.concY_largeLib_PCR_DpnI_cleanup.3,concY_largeLib_PCR_DpnI_cleanup,3,A21-B6,A21,B6,4,"3,4,6,13",28,1.7756,-0.0492,-0.0492,,-0.0141,-0.0141,-0.00186,-0.00186,constant,constant,decelerating,True,,,,0.7641,0.7641,,0.20392,,-0.0492,0.05063,0.01863,True
TFMN4.exp2.ACN3788.concY_largeLib_PCR_DpnI_cleanup.3,concY_largeLib_PCR_DpnI_cleanup,3,A63-B75,A63,B75,2,"3,4",3,0.2261,-0.1282,-0.1282,,-0.038,-0.038,-0.00485,-0.00485,constant,constant,none,False,,,,0.5017,0.5017,,0.70479,,-0.1282,0.01266,0.0,True
TFMN4.exp2.ACN3788.concY_largeLib_PCR_DpnI_cleanup.3,concY_largeLib_PCR_DpnI_cleanup,3,A78-B137,A78,B137,4,"3,4,6,13",39,1.8233,0.0823,0.0823,,0.0251,0.0251,0.00312,0.00312,constant,constant,decelerating,True,,,,0.2412,0.2412,,11.32403,,0.0823,0.01899,0.06832,True
TFMN4.exp2.ACN3788.concY_largeLib_PCR_DpnI_cleanup.3,concY_largeLib_PCR_DpnI_cleanup,3,A78-B159,A78,B159,2,"3,13",3,0.0457,0.0173,0.0173,,0.0044,0.0044,0.00065,0.00065,constant,constant,none,False,,,,0.0148,0.0148,,1.93852,,0.0173,0.01266,0.00621,True
TFMN4.exp2.ACN3788.concY_largeLib_PCR_DpnI_cleanup.3,concY_largeLib_PCR_DpnI_cleanup,3,A78-B3,A78,B3,2,"4,6",2,-0.2011,-0.0264,-0.0264,,-0.0068,-0.0068,-0.001,-0.001,constant,constant,none,False,,,,0.0372,0.0372,,0.62619,,-0.0264,0.0,0.0,True
TFMN4.exp2.ACN3788.concY_largeLib_PCR_DpnI_cleanup.3,concY_largeLib_PCR_DpnI_cleanup,3,A78-B40,A78,B40,3,"3,4,6",5,0.3628,-0.0194,-0.0194,,-0.0037,-0.0037,-0.00073,-0.00073,constant,constant,none,False,,,,0.0093,0.0093,,1.67303,,-0.0194,0.00633,0.0,True
TFMN4.exp2.ACN3788.concY_largeLib_PCR_DpnI_cleanup.3,concY_largeLib_PCR_DpnI_cleanup,3,A81-B132,A81,B132,3,"3,6,13",7,0.7739,-0.0536,-0.0536,,-0.0161,-0.0161,-0.00203,-0.00203,constant,constant,none,False,,,,0.135,0.135,,2.10422,,-0.0536,0.02532,0.00621,True
TFMN4.exp2.ACN3788.concY_largeLib_PCR_DpnI_cleanup.3,concY_largeLib_PCR_DpnI_cleanup,3,A81-B137,A81,B137,3,"3,6,13",10,0.9877,-0.0197,-0.0197,,-0.0061,-0.0061,-0.00075,-0.00075,constant,constant,none,False,,,,0.0251,0.0251,,2.62223,,-0.0197,0.03165,0.01242,True
TFMN4.exp2.ACN3788.concY_largeLib_PCR_DpnI_cleanup.3,concY_largeLib_PCR_DpnI_cleanup,3,A81-B6,A81,B6,4,"3,4,6,13",69,1.1487,0.2736,0.2736,,0.0809,0.0809,0.01037,0.01037,constant,constant,decelerating,True,,,,0.9577,0.9577,,3.17951,,0.2736,0.01899,0.29814,True
TFMN4.exp2.ACN3788.concY_largeLib_PCR_DpnI_cleanup.3,concY_largeLib_PCR_DpnI_cleanup,3,A81-B91,A81,B91,2,"3,6",4,0.536,-0.1532,-0.1532,,-0.0449,-0.0449,-0.0058,-0.0058,constant,constant,none,False,,,,0.4396,0.4396,,1.41597,,-0.1532,0.01899,0.0,True
TFMN4.exp2.ACN3788.concY_largeLib_PCR_DpnI_cleanup.3,concY_largeLib_PCR_DpnI_cleanup,3,A83-B138,A83,B138,3,"4,6,13",10,0.4571,0.1048,0.1048,,0.031,0.031,0.00397,0.00397,constant,constant,none,False,,,,0.5795,0.5795,,1.5526,,0.1048,0.0,0.02484,True
TFMN4.exp2.ACN3788.concY_largeLib_PCR_DpnI_cleanup.3,concY_largeLib_PCR_DpnI_cleanup,3,A90-B18,A90,B18,2,"3,13",5,-0.5779,0.2013,0.2013,,0.0582,0.0582,0.00763,0.00763,constant,constant,none,False,,,,0.8027,0.8027,,1.38934,,0.2013,0.00633,0.02484,True
TFMN4.exp2.ACN3788.concY_largeLib_PCR_DpnI_cleanup.3,concY_largeLib_PCR_DpnI_cleanup,3,A90-B6,A90,B6,3,"4,6,13",7,0.9463,-0.0664,-0.0664,,-0.0194,-0.0194,-0.00252,-0.00252,constant,constant,none,False,,,,0.0972,0.0972,,4.08001,,-0.0664,0.0,0.00621,True
TFMN4.exp2.ACN3788.concY_largeLib_PCR_DpnI_cleanup.3,concY_largeLib_PCR_DpnI_cleanup,3,A96-B27,A96,B27,3,"3,4,6",7,0.6636,-0.0324,-0.0324,,-0.0074,-0.0074,-0.00123,-0.00123,constant,constant,none,False,,,,0.0212,0.0212,,2.31021,,-0.0324,0.01266,0.0,True
TFMN4.exp2.ACN3788.concY_largeLib_PCR_DpnI_cleanup.4,concY_largeLib_PCR_DpnI_cleanup,4,A152-B151,A152,B151,2,"3,4",7,0.7779,-0.1181,-0.1181,,-0.0347,-0.0347,-0.00447,-0.00447,constant,constant,none,False,,,,0.6386,0.6386,,0.37006,,-0.1181,0.02667,0.0,True
TFMN4.exp2.ACN3788.concY_largeLib_PCR_DpnI_cleanup.4,concY_largeLib_PCR_DpnI_cleanup,4,A152-B154,A152,B154,2,"3,4",5,0.6069,-0.1145,-0.1145,,-0.0343,-0.0343,-0.00434,-0.00434,constant,constant,none,False,,,,0.3087,0.3087,,1.37624,,-0.1145,0.02667,0.0,True
TFMN4.exp2.ACN3788.concY_largeLib_PCR_DpnI_cleanup.4,concY_largeLib_PCR_DpnI_cleanup,4,A152-B171,A152,B171,2,"3,4",2,-0.2489,0.0077,0.0077,,0.0022,0.0022,0.00029,0.00029,constant,constant,none,False,,,,0.2541,0.2541,,0.00701,,0.0077,0.00667,0.0,True
TFMN4.exp2.ACN3788.concY_largeLib_PCR_DpnI_cleanup.4,concY_largeLib_PCR_DpnI_cleanup,4,A152-B32,A152,B32,2,"3,4",5,0.6069,-0.1145,-0.1145,,-0.0343,-0.0343,-0.00434,-0.00434,constant,constant,none,False,,,,0.3087,0.3087,,1.37624,,-0.1145,0.02667,0.0,True
TFMN4.exp2.ACN3788.concY_largeLib_PCR_DpnI_cleanup.4,concY_largeLib_PCR_DpnI_cleanup,4,A153-B117,A153,B117,2,"3,4",4,0.326,-0.0402,-0.0402,,-0.011,-0.011,-0.00152,-0.00152,constant,constant,none,False,,,,0.0645,0.0645,,0.96861,,-0.0402,0.00667,0.0,True
TFMN4.exp2.ACN3788.concY_largeLib_PCR_DpnI_cleanup.4,concY_largeLib_PCR_DpnI_cleanup,4,A153-B6,A153,B6,3,"3,4,6",15,1.4392,-0.1451,-0.1451,,-0.0406,-0.0406,-0.0055,-0.0055,constant,constant,none,False,,,,0.6154,0.6154,,0.69644,,-0.1451,0.04,0.0,True
TFMN4.exp2.ACN3788.concY_largeLib_PCR_DpnI_cleanup.4,concY_largeLib_PCR_DpnI_cleanup,4,A16-B51,A16,B51,2,"3,4",11,1.2115,-0.1271,-0.1271,,-0.0356,-0.0356,-0.00482,-0.00482,constant,constant,none,False,,,,0.2951,0.2951,,1.81119,,-0.1271,0.02667,0.0,True
TFMN4.exp2.ACN3788.concY_largeLib_PCR_DpnI_cleanup.4,concY_largeLib_PCR_DpnI_cleanup,4,A176-B101,A176,B101,2,"3,4",2,-0.2489,0.0077,0.0077,,0.0022,0.0022,0.00029,0.00029,constant,constant,none,False,,,,0.2541,0.2541,,0.00701,,0.0077,0.00667,0.0,True
TFMN4.exp2.ACN3788.concY_largeLib_PCR_DpnI_cleanup.4,concY_largeLib_PCR_DpnI_cleanup,4,A176-B30,A176,B30,3,"3,4,13",7,0.423,0.1042,0.1042,,0.0307,0.0307,0.00395,0.00395,constant,constant,none,False,,,,0.4929,0.4929,,1.70064,,0.1042,0.00667,0.0082,True
TFMN4.exp2.ACN3788.concY_largeLib_PCR_DpnI_cleanup.4,concY_largeLib_PCR_DpnI_cleanup,4,A176-B6,A176,B6,2,"3,4",5,0.565,-0.0601,-0.0601,,-0.0164,-0.0164,-0.00228,-0.00228,constant,constant,none,False,,,,0.0785,0.0785,,1.76847,,-0.0601,0.00667,0.0,True
TFMN4.exp2.ACN3788.concY_largeLib_PCR_DpnI_cleanup.4,concY_largeLib_PCR_DpnI_cleanup,4,A196-B103,A196,B103,2,"3,4",8,0.9697,-0.0955,-0.0955,,-0.0263,-0.0263,-0.00362,-0.00362,constant,constant,none,False,,,,0.138,0.138,,2.51267,,-0.0955,0.01333,0.0,True
TFMN4.exp2.ACN3788.concY_largeLib_PCR_DpnI_cleanup.4,concY_largeLib_PCR_DpnI_cleanup,4,A196-B117,A196,B117,2,"4,6",3,0.2084,0.0757,0.0757,,0.0249,0.0249,0.00287,0.00287,constant,constant,none,False,,,,0.0478,0.0478,,3.96553,,0.0757,0.0,0.0,True
TFMN4.exp2.ACN3788.concY_largeLib_PCR_DpnI_cleanup.4,concY_largeLib_PCR_DpnI_cleanup,4,A196-B136,A196,B136,2,"3,4",6,0.6226,-0.0913,-0.0913,,-0.0266,-0.0266,-0.00346,-0.00346,constant,constant,none,False,,,,0.5894,0.5894,,0.26434,,-0.0913,0.02,0.0,True
TFMN4.exp2.ACN3788.concY_largeLib_PCR_DpnI_cleanup.4,concY_largeLib_PCR_DpnI_cleanup,4,A196-B150,A196,B150,2,"3,4",19,1.7339,-0.1962,-0.1962,,-0.0556,-0.0556,-0.00743,-0.00743,constant,constant,none,False,,,,0.5644,0.5644,,1.52145,,-0.1962,0.06,0.0,True
TFMN4.exp2.ACN3788.concY_largeLib_PCR_DpnI_cleanup.4,concY_largeLib_PCR_DpnI_cleanup,4,A196-B171,A196,B171,2,"3,4",14,1.4748,-0.2178,-0.2178,,-0.0639,-0.0639,-0.00825,-0.00825,constant,constant,none,False,,,,0.6617,0.6617,,1.23638,,-0.2178,0.06,0.0,True
TFMN4.exp2.ACN3788.concY_largeLib_PCR_DpnI_cleanup.4,concY_largeLib_PCR_DpnI_cleanup,4,A196-B174,A196,B174,2,"3,4",16,1.6067,-0.1431,-0.1431,,-0.0389,-0.0389,-0.00542,-0.00542,constant,constant,none,False,,,,0.1955,0.1955,,4.04249,,-0.1431,0.03333,0.0,True
TFMN4.exp2.ACN3788.concY_largeLib_PCR_DpnI_cleanup.4,concY_largeLib_PCR_DpnI_cleanup,4,A196-B4,A196,B4,4,"3,4,6,13",474,4.1556,0.1977,0.1977,,0.059,0.059,0.00749,0.00749,constant,constant,decelerating,True,,,,0.6564,0.6564,,151.28442,,0.1977,0.04667,0.98361,True
TFMN4.exp2.ACN3788.concY_largeLib_PCR_DpnI_cleanup.4,concY_largeLib_PCR_DpnI_cleanup,4,A196-B6,A196,B6,2,"4,6",22,2.1808,-0.0642,-0.0642,,-0.0155,-0.0155,-0.00243,-0.00243,constant,constant,none,False,,,,0.0258,0.0258,,8.68395,,-0.0642,0.0,0.0,True
TFMN4.exp2.ACN3788.concY_largeLib_PCR_DpnI_cleanup.4,concY_largeLib_PCR_DpnI_cleanup,4,A196-B70,A196,B70,3,"3,4,6",7,0.7425,-0.0831,-0.0831,,-0.0241,-0.0241,-0.00315,-0.00315,constant,constant,none,False,,,,0.3797,0.3797,,0.56402,,-0.0831,0.02667,0.0,True
TFMN4.exp2.ACN3788.concY_largeLib_PCR_DpnI_cleanup.4,concY_largeLib_PCR_DpnI_cleanup,4,A196-B75,A196,B75,2,"3,4",14,1.6647,-0.139,-0.139,,-0.0373,-0.0373,-0.00526,-0.00526,constant,constant,none,False,,,,0.1005,0.1005,,7.67813,,-0.139,0.01333,0.0,True
TFMN4.exp2.ACN3788.concY_largeLib_PCR_DpnI_cleanup.4,concY_largeLib_PCR_DpnI_cleanup,4,A196-B79,A196,B79,2,"3,4",18,1.8026,-0.1394,-0.1394,,-0.0367,-0.0367,-0.00528,-0.00528,constant,constant,none,False,,,,0.1089,0.1089,,7.46758,,-0.1394,0.02667,0.0,True
TFMN4.exp2.ACN3788.concY_largeLib_PCR_DpnI_cleanup.4,concY_largeLib_PCR_DpnI_cleanup,4,A196-B85,A196,B85,3,"3,4,6",15,1.3969,-0.0956,-0.0956,,-0.0257,-0.0257,-0.00362,-0.00362,constant,constant,none,False,,,,0.3071,0.3071,,1.13624,,-0.0956,0.03333,0.0,True
TFMN4.exp2.ACN3788.concY_largeLib_PCR_DpnI_cleanup.4,concY_largeLib_PCR_DpnI_cleanup,4,A196-B9,A196,B9,3,"3,4,6",22,1.8392,-0.1304,-0.1304,,-0.0344,-0.0344,-0.00494,-0.00494,constant,constant,none,False,,,,0.1892,0.1892,,4.12849,,-0.1304,0.04,0.0,True
TFMN4.exp2.ACN3788.concY_largeLib_PCR_DpnI_cleanup.4,concY_largeLib_PCR_DpnI_cleanup,4,A196-B98,A196,B98,2,"3,4",9,1.0099,-0.1431,-0.1431,,-0.0418,-0.0418,-0.00542,-0.00542,constant,constant,none,False,,,,0.6723,0.6723,,0.47879,,-0.1431,0.03333,0.0,True
TFMN4.exp2.ACN3788.concY_largeLib_PCR_DpnI_cleanup.4,concY_largeLib_PCR_DpnI_cleanup,4,A63-B117,A63,B117,2,"3,4",6,0.7734,-0.0775,-0.0775,,-0.0212,-0.0212,-0.00293,-0.00293,constant,constant,none,False,,,,0.0877,0.0877,,2.6209,,-0.0775,0.00667,0.0,True
TFMN4.exp2.ACN3788.concY_largeLib_PCR_DpnI_cleanup.4,concY_largeLib_PCR_DpnI_cleanup,4,A78-B117,A78,B117,2,"3,4",8,0.9006,-0.1029,-0.1029,,-0.0291,-0.0291,-0.0039,-0.0039,constant,constant,none,False,,,,0.3088,0.3088,,1.08066,,-0.1029,0.02,0.0,True
TFMN4.exp2.ACN3788.concY_largeLib_PCR_DpnI_cleanup.4,concY_largeLib_PCR_DpnI_cleanup,4,A78-B70,A78,B70,2,"3,4",3,0.0522,-0.0174,-0.0174,,-0.0047,-0.0047,-0.00066,-0.00066,constant,constant,none,False,,,,0.0379,0.0379,,0.31243,,-0.0174,0.00667,0.0,True
TFMN4.exp2.ACN3788.concY_largeLib_PCR_DpnI_cleanup.4,concY_largeLib_PCR_DpnI_cleanup,4,A81-B117,A81,B117,2,"3,4",2,-0.2489,0.0077,0.0077,,0.0022,0.0022,0.00029,0.00029,constant,constant,none,False,,,,0.2541,0.2541,,0.00701,,0.0077,0.00667,0.0,True
TFMN4.exp2.ACN3788.concY_largeLib_PCR_DpnI_cleanup.4,concY_largeLib_PCR_DpnI_cleanup,4,A81-B18,A81,B18,2,"3,4",4,0.326,-0.0402,-0.0402,,-0.011,-0.011,-0.00152,-0.00152,constant,constant,none,False,,,,0.0645,0.0645,,0.96861,,-0.0402,0.00667,0.0,True
TFMN4.exp2.ACN3788.concY_largeLib_PCR_DpnI_cleanup.4,concY_largeLib_PCR_DpnI_cleanup,4,A81-B30,A81,B30,2,"4,6",7,1.0108,-0.0447,-0.0447,,-0.011,-0.011,-0.00169,-0.00169,constant,constant,none,False,,,,0.0239,0.0239,,3.42414,,-0.0447,0.0,0.0,True
TFMN4.exp2.ACN3788.concY_largeLib_PCR_DpnI_cleanup.4,concY_largeLib_PCR_DpnI_cleanup,4,A83-B101,A83,B101,2,"3,6",6,0.829,0.0281,0.0281,,0.0101,0.0101,0.00106,0.00106,constant,constant,none,False,,,,0.0078,0.0078,,5.05489,,0.0281,0.02,0.0,True
TFMN4.exp2.ACN3788.concY_largeLib_PCR_DpnI_cleanup.4,concY_largeLib_PCR_DpnI_cleanup,4,A83-B18,A83,B18,2,"3,4",4,0.326,-0.0402,-0.0402,,-0.011,-0.011,-0.00152,-0.00152,constant,constant,none,False,,,,0.0645,0.0645,,0.96861,,-0.0402,0.00667,0.0,True
TFMN4.exp2.ACN3788.concY_largeLib_PCR_DpnI_cleanup.4,concY_largeLib_PCR_DpnI_cleanup,4,A96-B75,A96,B75,2,"3,4",8,0.9006,-0.1029,-0.1029,,-0.0291,-0.0291,-0.0039,-0.0039,constant,constant,none,False,,,,0.3088,0.3088,,1.08066,,-0.1029,0.02,0.0,True
TFMN4.exp2.ACN3788.concY_largeLib_PCR_DpnI_cleanup.4,concY_largeLib_PCR_DpnI_cleanup,4,A96-B79,A96,B79,2,"3,4",7,0.7641,-0.0972,-0.0972,,-0.0278,-0.0278,-0.00368,-0.00368,constant,constant,none,False,,,,0.4322,0.4322,,0.56549,,-0.0972,0.02,0.0,True
TFMN4.exp2.ACN3788.concY_largeLib_PCR_DpnI_cleanup.3,concY_largeLib_PCR_DpnI_cleanup,3,A186-B26,A186,B26,4,"3,4,6,13",15,1.2262,-0.1593,-0.019,4.0,-0.0402,-0.0056,-0.00603,-0.00072,two_phase,accelerating,accelerating,True,0.8808,0.1403,33.672,1.0,0.7538,1.0,0.0528,1e-05,-0.0295,0.03165,0.01242,True
TFMN4.exp2.ACN3788.concX_largeLib_SpeI.4,concX_largeLib_SpeI,4,A78-B26,A78,B26,4,"3,4,6,13",33,0.8941,-0.2989,0.446,6.0,-0.0807,0.1329,-0.01132,0.01689,two_phase,accelerating,accelerating,True,2.4921,0.7449,18.154,0.9994,0.9239,0.9994,3.44061,0.02601,0.2559,0.03597,0.1106,True
TFMN4.exp2.ACN3788.concX_largeLib_SpeI.4,concX_largeLib_SpeI,4,A81-B30,A81,B30,4,"3,4,6,13",110,2.5594,-0.1758,0.2587,6.0,-0.0471,0.0769,-0.00666,0.0098,two_phase,accelerating,accelerating,True,2.4711,0.4345,16.674,0.9986,0.8738,0.9986,7.53683,0.08247,0.1485,0.19424,0.23041,True
TFMN4.exp2.ACN3788.concX_smallLib_PCR_DpnI_cleanup.3,concX_smallLib_PCR_DpnI_cleanup,3,A78-B3,A78,B3,4,"3,4,6,13",56,2.1364,-0.3137,0.1512,6.0,-0.0847,0.0448,-0.01188,0.00573,two_phase,accelerating,accelerating,True,1.482,0.4648,16.172,0.9893,0.1353,0.9893,5.32444,0.06605,0.0285,0.16832,0.08511,True
TFMN4.exp2.ACN3788.concX_largeLib_SpeI.4,concX_largeLib_SpeI,4,A81-B151,A81,B151,4,"3,4,6,13",87,1.2802,-0.2161,0.5103,6.0,-0.0576,0.1519,-0.00818,0.01933,two_phase,accelerating,accelerating,True,3.3618,0.7264,15.864,0.9995,0.9596,0.9995,5.27672,0.07071,0.3312,0.05036,0.3318,True
TFMN4.exp2.ACN3788.concX_largeLib_SpeI.4,concX_largeLib_SpeI,4,A78-B3,A78,B3,4,"3,4,6,13",53,0.0973,0.1487,0.4626,6.0,0.0401,0.1383,0.00563,0.01752,two_phase,accelerating,accelerating,True,2.1114,0.3139,14.967,0.9998,0.9906,0.9998,0.74487,0.01249,0.3963,0.01439,0.21659,True
TFMN4.exp2.ACN3788.concX_smallLib_PCR_DpnI_cleanup.3,concX_smallLib_PCR_DpnI_cleanup,3,A81-B51,A81,B51,4,"3,4,6,13",109,2.0284,-0.2454,0.3469,6.0,-0.0669,0.1035,-0.0093,0.01314,two_phase,accelerating,accelerating,True,2.4131,0.5923,11.297,0.9957,0.8979,0.9957,9.97883,0.41879,0.2033,0.15842,0.37766,True
TFMN4.exp2.ACN3788.concY_largeLib_PCR_DpnI_cleanup.2,concY_largeLib_PCR_DpnI_cleanup,2,A83-B40,A83,B40,4,"3,4,6,13",127,0.0425,-0.0452,0.7189,6.0,-0.0111,0.2143,-0.00171,0.02723,two_phase,accelerating,accelerating,True,15.2829,0.7641,9.414,0.9985,0.9783,0.9985,2.80604,0.18857,0.557,0.00758,0.58571,True
TFMN4.exp2.ACN3788.concY_largeLib_PCR_DpnI_cleanup.3,concY_largeLib_PCR_DpnI_cleanup,3,A153-B6,A153,B6,4,"3,4,6,13",43,1.677,-0.4722,0.4434,6.0,-0.1283,0.1324,-0.01789,0.01679,two_phase,accelerating,accelerating,True,1.9388,0.9156,8.899,0.9848,0.8016,0.9848,9.1852,0.7021,0.2036,0.05696,0.18012,True
TFMN4.exp2.ACN3788.concX_largeLib_SpeI_cleanup.1,concX_largeLib_SpeI_cleanup,1,A81-B26,A81,B26,4,"3,4,6,13",27,1.6259,-0.3167,0.0112,4.0,-0.0806,0.0034,-0.01199,0.00042,two_phase,accelerating,accelerating,True,1.0354,0.3279,8.694,0.9263,0.084,0.9263,0.56108,0.04514,-0.0136,0.07692,0.01622,True
TFMN4.exp2.ACN3788.concX_smallLib_PCR_DpnI_cleanup.3,concX_smallLib_PCR_DpnI_cleanup,3,A185-B26,A185,B26,4,"3,4,6,13",14,0.558,-0.881,0.2112,4.0,-0.2251,0.0622,-0.03337,0.008,two_phase,accelerating,accelerating,True,1.2397,1.0922,7.505,0.9759,0.7778,0.9759,2.05006,0.22204,0.1459,0.0297,0.04255,True
TFMN4.exp2.ACN3788.concY_largeLib_PCR_DpnI_cleanup.2,concY_largeLib_PCR_DpnI_cleanup,2,A20-B6,A20,B6,4,"3,4,6,13",47,2.4852,-0.7116,-0.0057,4.0,-0.181,-0.0014,-0.02695,-0.00021,two_phase,accelerating,accelerating,True,0.9921,0.7059,6.953,0.9194,0.352,0.9194,4.47659,0.5566,-0.0783,0.15909,0.01905,True
TFMN4.exp2.ACN3788.concX_largeLib_SpeI.2,concX_largeLib_SpeI,2,A78-B26,A78,B26,4,"3,4,6,13",38,1.1981,-0.0112,0.3412,6.0,-0.0022,0.1016,-0.00043,0.01292,two_phase,accelerating,accelerating,True,7.048,0.3524,6.508,0.9957,0.9693,0.9957,1.59862,0.22217,0.2614,0.02963,0.10417,True
